{
    "id": "roider",
    "name": "Roider Union",
    "author": "SafariJohn",
    "version": "2.0.6",
    "description": "Adds the Roider Union, an alliance of independent asteroid miners and minor corporations.",
    "gameVersion": "0.97a-RC11",
    "jars":["jars/Roider_Union_Kt.jar"],
    "dependencies": [
        {
            "id": "lw_lazylib",
            "name": "LazyLib"
        },
        {
            "id": "MagicLib",
            "name": "MagicLib"
        },
        {
            "id": "RetroLib",
            "name": "RetroLib"
        }
    ],
    "modPlugin":"roiderUnion.ModPlugin"
}
