id,fitter,source,target,cost,time,reputation,commission
roider_cyclops_hermes,roider_full,hermes,roider_cyclops,11200,0,0,FALSE
roider_nolasher_wayfarer,roider_full,wayfarer,roider_nolasher,12200,0,0,FALSE
roider_pepperbox_mudskipper,roider_full,mudskipper,roider_pepperbox,9900,0,0,FALSE
roider_roach_scarab,roider_full,scarab,roider_roach,39000,0,2,TRUE
roider_bombard_crig,roider_full,crig,roider_bombard,41000,0,1,TRUE
roider_condor_tarsus,roider_full,tarsus,condor,44400,0,0,FALSE
roider_cowboy_nebula,roider_full,nebula,roider_cowboy,48500,0,2,TRUE
roider_onager_mule,roider_full,mule,roider_onager,53200,0,1,TRUE
roider_firestorm_tarsus,roider_full,tarsus,roider_firestorm,53400,0,1,TRUE
roider_gambit_venture,roider_full,venture,roider_gambit,98000,0,2,TRUE
roider_ranch_starliner,roider_full,starliner,roider_ranch,170000,0,3,TRUE
roider_colossus_2,roider_full,colossus,roider_colossus2,104500,0,1,TRUE
roider_telamon_atlas,roider_full,atlas,roider_telamon,510000,0,4,TRUE
,,,,,,,
roider_pepperbox_mudskipper2,roider_full,mudskipper2,roider_pepperbox,9300,0,0,FALSE
roider_dram_dram,roider_full,dram,roider_dram,16400,0,0,FALSE
roider_aurochs_buffalo,roider_full,buffalo,roider_aurochs,63500,0,2,TRUE
roider_buffalo_aurochs,roider_full,buffalo2,roider_aurochs,63900,0,2,TRUE
roider_buffalo_buffalo,roider_full,buffalo,roider_buffalo,41000,0,0,FALSE
roider_buffalo_aurochs,roider_full,buffalo2,roider_buffalo,41400,0,0,FALSE
roider_buffalo_heg,roider_full,buffalo_hegemony,roider_buffalo,39000,0,0,FALSE
roider_buffalo_b2,roider_full,roider_aurochs,roider_buffalo,9000,0,0,FALSE
roider_colossus2_2,roider_full,colossus2,roider_colossus2,102500,0,1,TRUE
roider_phaeton_phaeton,roider_full,phaeton,roider_phaeton,45100,0,1,FALSE
,,,,,,,
roider_ni_pepperbox_mudskipper2,roider_light,mudskipper2,roider_pepperbox,9300,0,0,FALSE
roider_ni_dram_dram,roider_light,dram,roider_dram,16400,0,0,FALSE
roider_ni_aurochs_buffalo,roider_light,buffalo,roider_aurochs,63500,0,2,TRUE
roider_buffalo_aurochs,roider_full,buffalo2,roider_aurochs,63900,0,2,FALSE
roider_ni_buffalo_buffalo,roider_light,buffalo,roider_buffalo,41000,0,0,FALSE
roider_ni_buffalo_b2,roider_light,buffalo2,roider_buffalo,41400,0,0,FALSE
roider_ni_buffalo_heg,roider_full,buffalo_hegemony,roider_buffalo,39000,0,0,FALSE
roider_ni_buffalo_aurochs,roider_light,roider_aurochs,roider_buffalo,9000,0,0,FALSE
roider_ni_colossus2_2,roider_light,colossus2,roider_colossus2,102500,0,1,TRUE
roider_ni_phaeton_phaeton,roider_light,phaeton,roider_phaeton,45100,0,1,FALSE
