{
  "roider": {
    "lazyLibReq":"Roider Union requires LazyLib!",
    "magicLibReq":"Roider Union requires MagicLib!",
    "numberPlus":"+$number",
    "numberMinus":"-$number",
    "numberPercent":"$number%",
    "numberPlusPercent":"+$number%",
    "numberMinusPercent":"-$number%",
    "parasiticSporesFallback":"Parasitic Spores",
    "giantPlanetGravityWell":"$system, $planet Gravity Well",
    "nebulaGiantPlanetGravityWell":"$planet Gravity Well",
    "innerJp":"Inner Jump-point",
    "innerSystemJp":"Inner System Jump-point",
    "outerSystemJp":"Outer System Jump-point",
    "fringeSystemJp":"Fringe Jump-point",
    "atka":"Atka",
    "atkaPrimary":"Atka",
    "korovin":"Korovin",
    "rockpiperPerch":"Rockpiper Perch",
    "korovinL5Trojans":"Korovin L5 Trojans",
    "coldRock":"Cold Rock",
    "coldRockBastion":"Cold Rock Bastion",
    "akutan":"Akutan",
    "kalekhta":"Kalekhta",
    "kalekhtaPriest":"Priest",
    "kalekhtaL4Trojans":"Kalekhta L4 Trojans",
    "makushin":"Makushin",
    "pointCheerful":"Point Cheerful",
    "atkaOuterRim":"Outer Rim",
    "attu":"Attu",
    "attuPrimary":"Attu",
    "moffet":"Moffet",
    "holtz":"Holtz Refining Complex",
    "agattu":"Agattu",
    "kiska":"Kiska",
    "druzhinins":"Druzhinin's Anchorage",
    "druzhininsBelt":"Druzhinin's Belt",
    "threeSisters":"Three Sisters Station",
    "zinStation":"Zin Prototype Shipyard",
    "loran":"Loran",
    "gee":"Gee",
    "ounalashka":"Ounalashka",
    "ounalashkaPrimary":"Ounalashka",
    "ounalashkaRings":"Rings of Ounalashka",
    "ounalashkaGate":"Ounalashka Gate",
    "maggies":"Maggie's",
    "amaknak":"Amaknak",
    "dutchHarbor":"Dutch Harbor",
    "oglodak":"Oglodak",
    "oglodakTrojans":"Oglodak L5 Trojans",
    "round":"Round",
    "maggie_firstName":"Mad-Eye",
    "maggie_lastName":"Maggie",
    "lewis_firstName":"Llewelyn",
    "lewis_lastName":"Lewis",
    "sw_blurb":"You can access your local Rockpiper shipworks' services from here.",
    "sw_option":"Access your Rockpiper shipworks retrofits",
    "sw_bpReq":"Blueprint Required",
    "sw_bpUnknown":"You do not know how to retrofit this hull",
    "sw_bpUnknownTt":"You do not know how to retrofit this hull",
    "mrp_firstName":"Mad Rockpiper",
    "mrp_lastName":"",
    "mrp_pickShip":"Pick ship for MIDAS",
    "mrp_noMidasShips":"No ships that can install MIDAS",
    "mrp_ok": "ok",
    "mrp_cancel": "cancel",
    "mrp_himself":"himself",
    "mrp_herself":"herself",
    "mrp_madman":"madman",
    "mrp_madwoman":"madwoman",
    "retro_his":"his",
    "retro_her":"her",
    "retro_he":"he",
    "retro_she":"she",
    "retro_blurb":"You spy the $personRank in charge of the local Roider Union HQ examining $hisOrHer TriPad.",
    "retro_option_std":"Talk retrofits with $personRank $personLastName",
    "retro_option_first":"See what the $personRank is doing here",
    "retro_option_pay":"Pay for storage and talk retrofits ($storageCost credits)",
    "retro_option_talk":"Talk with $personRank $personLastName",
    "retro_desc_first":"\"You here to talk retrofits?\" $personRank $personName asks.",
    "retro_desc_back":"\"Back to talk about retrofits?\" $personRank $personName asks.",
    "retro_desc_full":"Before you can answer, $heOrShe continues, \"We have the facilities here to convert civilian ships into pristine warships, from frigates to capital ships. The whole shebang. Other places can only do the small stuff.",
    "retro_desc_light":"Before you can answer, $heOrShe continues, \"We have the facilities here to convert civilian ships into pristine warships. Can only do small stuff here, though. Your eyes'll about pop out if you ever see what we Roiders can do with a proper shipyard.",
    "retro_desc_extra":"\"Most stuff we can get right back to you, but if something takes longer we'll have to put it into storage while you're gone.",
    "retro_desc_pay":"\"Anyways, it's $storageCost credits to store stuff here. You interested?\"",
    "retro_desc_prepaid":"\"You interested?\"",
    "retro_desc_option_pay":"Pay $storageCost credits",
    "retro_desc_option_tt_poor":"Not enough credits!",
    "retro_desc_option_std":"Talk retrofits",
    "retro_desc_option_leave":"Decline and excuse yourself",
    "retro_noService":"\"You're on the No Service list. I have nothing to discuss with you,\" $personRank $personName says.",
    "retro_noServiceFirst1":"\"You here to talk retrofits?\" $personRank $personName asks.",
    "retro_noServiceFirst2":"Before you can answer, $heOrShe continues, \"We have the facilities here to convert civilian ships into pristine warships.\"",
    "retro_noServiceFirst3":"$HisOrHer TriPad buzzes angrily and $heOrShe frowns when $heOrShe glances at it.",
    "retro_noServiceFirst4":"\"You're on the No Service list, looks like, so we have nothing further to discuss,\" $heOrShe says with finality.",
    "argos_description":"Convert certain ships to certain Roider ships.",
    "argos_noDocks":"Your fleet has no conversion docks.",
    "argos_lowCR":"Your fleet has conversion docks, but they are too low on CR.",
    "argos_hostilesTracking":"A nearby hostile fleet is tracking your movements, making conversion impossible.",
    "argos_ready":"Your fleet is ready to do conversions.",
    "argos_abilityAdded":"Added Roider Conversions ability",
    "argos_active":"Active",
    "argos_activeDocks":"Active conversion docks",
    "argos_available":"Available",
    "argos_availableDocks":"Available conversion docks",
    "argos_crCost":"- Costs %s CR\n",
    "argos_crCostIllegal":"- Costs $cr CR\n",
    "argos_rezReq":"- Costs %s Heavy Machinery\n- Costs %s Supplies\n- Costs %s Metals\n",
    "argos_rezGive":"- Gives %s Heavy Machinery\n- Gives %s Supplies\n- Gives %s Metals\n",
    "argos_rezReqIllegal":"- Costs $machinery Heavy Machinery\n- Costs $supplies Supplies\n- Costs $metals Metals\n",
    "argos_rezGiveIllegal":"- Gives $machinery Heavy Machinery\n- Gives $supplies Supplies\n- Gives $metals Metals\n",
    "argos_confirmPay":"You must pay $cost resources to convert this ship. The new hull will be pristine.",
    "argos_confirmGet":"You will receive $cost resources to convert this ship. The new hull will be pristine.",
    "argos_confirmPayMany":"You must pay $cost resources to convert these ships. The new hulls will be pristine.",
    "argos_confirmGetMany":"You will receive $cost resources to convert these ships. The new hulls will be pristine.",
    "argos_confirmHL":"$cost resources",
    "argos_pickDocksOption":"Pick conversion docks",
    "argos_pickDocksNone":"No available conversion docks",
    "argos_needDock":"Please pick one or more conversion docks!",
    "argos_needCR":"Your conversion dock ships do not have enough CR!",
    "argos_needCRThem":"Their conversion dock ships do not have enough CR!",
    "argos_needRez":"You do not have enough resources!",
    "argos_payRez":"Pay $cost resources",
    "argos_getRez":"Get $cost resources",
    "argos_rezFree":"Confirm",
    "argos_hostileTracking":"A hostile fleet is tracking you, so you are unable to convert ships at this time.",
    "pingTrap_active":"As your salvage crews begin their work, a device inside the $shortName broadcasts your fleet composition and current position for all and sundry to see.",
    "pingTrap_fail1":"Your salvage crews discover a device set to broadcast your fleet composition when tripped by an alarm system, but the two aren't hooked up. Scattered tools indicate the trap-makers left in a hurry.",
    "pingTrap_fail2":"Your salvage crews discover a device set to broadcast your fleet composition when tripped by an alarm system. The alarm went off as intended, but the scanner fried the power supply before the broadcast was ready.",
    "system_active":"ACTIVE",
    "system_ready":"READY",
    "system_outOfRange":"OUT OF RANGE",
    "system_noTarget":"NO TARGET",
    "system_none":"",
    "nomad_noBombard":"Not allowed",
    "nomad_noRaid":"Not allowed",
    "nomad_development":"Development level",
    "nomad_supply":"Brought in by roider nomads",
    "nomad_supplyInFaction":"Brought in by roider nomads (in-faction)",
    "nomad_sortString":"$faction Base",
    "nomad_baseKnown":"$faction Base - $name",
    "nomad_baseLocUnknown":"$faction Base - Exact Location Unknown",
    "nomad_baseDiscovered":"$faction Base - Discovered",
    "nomad_baseAbandoned":"$faction Base - Abandoned",
    "nomad_baseDestroyed":"$faction Base - Destroyed",
    "nomad_baseDesc":"Nomadic roiders have established $aAn $faction base in the $system.",
    "nomad_startingDesc":"It has limited defense capabilities and offers some retrofits.",
    "nomad_establishedDesc":"It has fairly well-developed defense capabilities, is protected by a few fleets, and offers some retrofits.",
    "nomad_battlestationDesc":"It has very well-developed defensive capabilities, is protected by a few fleets, and offers some retrofits.",
    "nomad_shipworksDesc":"It has very well-developed defensive capabilities, is protected by a few fleets, and offers most retrofits.",
    "nomad_hqDesc":"It has very well-developed defensive capabilities, is protected by a large number of fleets, and offers full retrofitting services.",
    "nomad_capitalDesc":"The new capital of $faction, it has incredible defensive capabilities, is protected by a large number of fleets, and offers most retrofits.",
    "nomad_unknownDesc":"You have not yet discovered the exact location or capabilities of this base.",
    "nomad_recentEvents":"Recent events",
    "nomad_baseDestroyedEvent":"This base has been destroyed.",
    "nomad_baseDestroyedEventPlayer":"You have destroyed this base.",
    "nomad_baseDestroyedEventRumor":"It is rumored that this base is no longer operational.",
    "nomad_baseAbandonedEvent":"This base has been abandoned.",
    "nomad_retrofitOption":"Browse the nomad's ship conversions",
    "nomad_retrofitBlurb":"A roider nomad with a slim TriPad knock-off stands next to a holo-table displaying a collection of ship conversion specs.",
    "miningScoutHyper":"scouting around the $place",
    "miningScoutLocal":"scouting the $place",
    "miningLoad":"loading $resources at $place",
    "miningTravelHyper":"traveling to the $place",
    "miningTravel":"traveling to $place",
    "miningMine":"mining $resources",
    "miningCollect":"collecting $resources",
    "miningHarvest":"harvesting $resources",
    "miningReturn":"returning to $place",
    "miningUnload":"unloading $resources",
    "miningCloudName":"volatile cloud",
    "miningSpotName":"mining zone",
    "retrofitBp_name":"$shipNameClass Retrofit Template",
    "retrofitBp_ships":"Ships hulls:",
    "retrofitBp_sources":"Source hulls:",
    "retrofitBp_prefix":"$shipDesc\n\n",
    "retrofitBp_known":"Already known",
    "retrofitBp_learn":"Right-click to learn",
    "retrofitBp_knowOne":"Need to know at least one source hull",
    "retrofitBp_alreadyKnown":"$shipNameClass: conversion process already known",
    "retrofitBp_acquired":"Acquired conversion process: $shipNameClass",
    "retrofitBp_knowOneExt":"You must know at least one source hull of the $shipNameClass to learn its conversion process",
    "retrofitBp_hull":"hull",
    "retrofitBp_hulls":"hulls",
    "retrofitBp_knownShip":"$tab$shipNameClass",
    "retrofitBp_unknown":"$tab$shipNameClass (unknown)",
    "retrofitBp_none":"$tabNone",
    "retrofitBp_andOther":"$tab... and %s other $noun",
    "hullmod_cantInstall":"Can not be installed",
    "hullmod_noPhase":"Can not be installed on a phase ship",
    "hullmod_hasFighters":"Ship has fighter bays",
    "hullmod_stdFighters":"Ship has standard fighter bays",
    "hullmod_noArmorModule":"Can not be installed on an armor module",
    "hullmod_noArcade":"Can not be installed on arcade ships",
    "dread_fluxBuff":"-$bonus% ballistic flux cost",
    "dread_rofBuff":"+$bonus% ballistic rate of fire",
    "dread_damBuff":"+$bonus% ballistic weapon damage",
    "entropyAmp_floaty":"Amplified Entropy!",
    "entropyAmp_playerStatus":"%s% more damage taken",
    "entropyAmp_targetStatus":"%s% more damage to target",
    "interdictor_floaty":"Drive Interdicted!",
    "phasenet_title":"Phasenet",
    "phasenet_shipStatus":"Dragging $hullName at $speed su/sec",
    "phasenet_asteroidStatus":"Dragging asteroid at $speed speed",
    "phasenet_pullSingle":"Dragged at $pullStrength su/sec",
    "phasenet_pullMulti":"Dragged at $pullStrength su/sec by $numPhasenets phasenets",
    "midasArmor":"This ship also has an armor module with $primaryArmor armor and $primaryHull hull.",
    "midasArmor_telamon":"Three armor modules form a tough outer shell. The main module has $primaryArmor armor and $primaryHull hull. The sponson modules have $secondArmor armor and $secondHull hull.",
    "midasArmor_firestorm":"Two armor modules provide increased survivability, each with $primaryArmor armor and $primaryHull hull.",
    "argos_salvageDesc":"Each additional ship with a salvage gantry provides diminishing returns. The higher the highest recovery bonus from a single ship in the fleet, the later diminishing returns kick in.",
    "argos_salvageCr":"The total resource recovery bonus for your fleet is $bonus.\n\nThis ship's combat readiness is below $minCR and the gantry can not be utilized. Bringing this ship into readiness would increase the fleetwide bonus to $oneMore.\n\nThe fleetwide post-battle salvage bonus is $total.",
    "argos_salvageRemove":"The total resource recovery bonus for your fleet is $bonus.\n\nRemoving this ship would decrease it to $oneLess. Adding another ship of the same type would increase it to $oneMore.\n\nThe fleetwide post-battle salvage bonus is $total.",
    "argos_salvageAdd":"The total resource recovery bonus for your fleet is $bonus.\n\nAdding another ship of the same type would increase it to $oneMore.\n\nThe fleetwide post-battle salvage bonus is $total.",
    "breakers_req":"Can only be applied to ships with built-in Breaker drones",
    "trackers_argos":"Replaces Borer drone wings with Breaker drone wings.",
    "trackers_switched":"Drones are already switched",
    "nomadBaseEntityName":"Roider Base",
    "baseValue":"Base value",
    "industry_reqSpaceport":"Requires a functional spaceport",
    "parasiticSportsFallback":"Parasitic Spores",
    "psychoactiveFungusFallback":"Psychoactive Fungus",
    "dives_mining":"Roiders from across the system sell their hauls here, providing a small supply of $resources.",
    "dives_noMining":"Without any mining prospects in the system, few roiders live around $market.",
    "dives_drFind":"deposits",
    "dives_drReplace":"roids",
    "dives_void":" from the void",
    "dives_planet":" from a nearby planet",
    "dives_system":" from a nearby system",
    "dives_drugs":"$condition: %s units. Reduced colony growth.",
    "dives_drugsShortage":"Roiders: drug shortage",
    "dives_bpRequired":"Purchase the blueprint for this industry at a market with Roider Dives",
    "charter_production1":"Increases production by %s unit. Increases mining range by %s light years. Increases size of fleets launched by colony by %s.",
    "charter_production2":"Increases roider mining production by %s unit. Increases mining range by %s light years. Increases size of fleets launched by colony by %s.",
    "unionHQ_bpRequired":"Purchase the blueprint for this industry at an existing Union HQ",
    "unionHQ_disabled":"There are no Roider Union officials or services here due to hostilities with $theMarketFaction. Independent roiders, fearing discrimination, avoid $market as well.",
    "unionHQ_mining":"Wandering roiders come for lightyears to $market to sell their hauls, buy equipment, and have a good time, providing a small supply of $resources.",
    "unionHQ_noMining":"Without any mining prospects for lightyears, there are few roiders here.",
    "unionHQ_extra":"The Roider base commander organizes local roiders into patrols to $supplement the military of $market. Good relations with the Roider Union gives access to trade opportunities and the Roiders' famed ship conversion services.",
    "unionHQ_conversions":" Only a limited selection of conversions are available without Heavy Industry.",
    "unionHQ_militaryFull":"serves as",
    "unionHQ_militaryPartial":"supplements",
    "shipworks_alpha":"Reduces retrofit costs by %s.",
    "shipworks_unavail":"Purchase the blueprint for this industry at a Union HQ",
    "bp_known":"Already known",
    "bp_learn":"Right-click to learn",
    "bp_hq_dives":"Built by upgrading a Roider Dives!",
    "submarket_illegalSell":"Illegal to sell",
    "submarket_hq_transferComReq":"Req: $factionName - $reqName, commission",
    "submarket_hq_transferRepReq":"Req: $factionName - $reqName",
    "submarket_hq_transferHl1":"$factionName - $reqName",
    "submarket_hq_transferHl2":"commission",
    "submarket_hq_transferShipComRepReq":"Req: $factionName - $reqName\nReq: $factionName commission",
    "submarket_hq_transferShipRepReq":"Req: $factionName - $reqName",
    "submarket_hq_transferShipComReq":"Req: $factionName - commission",
    "submarket_hq_transferIllegal":"Illegal to trade in $stackName here",
    "submarket_hq_transferIllegalDefault":"Illegal to trade",
    "submarket_hq_tooltipNonFunctional":"Requires: functional Union HQ",
    "submarket_hq_tooltipLowRep":"Req: $factionName - $reqName",
    "submarket_hq_tooltipSneak":"Requires: proper docking authorization",
    "ship_archimedes":"ISS Archimedes",
    "ship_clarke":"ISS Clarke",
    "ship_hornet":"ISS Hornet",
    "ship_redCastle":"Red Castle II",
    "easyPrey_playerSide": "ISS",
    "easyPrey_enemySide": "",
    "easyPrey_playerSideTag": "The ISS Archimedes",
    "easyPrey_enemySideTag": "Dirty pirates",
    "easyPrey_briefing": "Defeat the pirates",
    "eye_playerSide": "ISS",
    "eye_enemySide": "TTS",
    "eye_playerSideTag": "Captain Lewis's ISS Clarke",
    "eye_enemySideTag": "Tri-Tachyon Security Patrol",
    "eye_briefing": "Reach the jump point",
    "midway_playerSide": "ISS",
    "midway_enemySide": "",
    "midway_playerSideTag": "Roider Detachment",
    "midway_enemySideTag": "Jagar's Red Raiders",
    "midway_briefing1": "Destroy Warlord Jagar's flagship, the Red Castle II",
    "midway_briefing2": "The ISS Hornet must survive",
    "midway_briefing3": "Use the Fighter Strike command to coordinate your carriers",

    "nomadGroupPrefixes": [
      "Aelurus",
      "Hera",
      "Ares",
      "Deimos",
      "Phobos",
      "Kydoimos",
      "Makhai",
      "Mysminai",
      "Polemos",
      "Hebe",
      "Alexiares",
      "Anicetus",
      "Eris",
      "Dysnomia",
      "Lethe",
      "Limos",
      "Algos",
      "Neikea",
      "Eleuthia",
      "Enyo",
      "Enyalius",
      "Baraq",
      "Zumurrud",
      "Lithos",
      "Temblor",
      "Baal",
      "Bel",
      "Haddu",
      "Ishkur",
      "Enki",
      "Dilmun",
      "Ki",
      "Nintul",
      "Ninsutu",
      "Ninkasi",
      "Dazimua",
      "Enshagag",
      "Nintu",
      "Ninsar",
      "Ninkurra",
      "Uttu",
      "Isimud",
      "Ishtar",
      "Dumuzi",
      "Gudam",
      "Galatura",
      "Kurjara",
      "Dagon",
      "Belatu",
      "Godiva",
      "Great Dismal",
      "Herzog",
      "Pandemonium",
      "Mulciber",
      "Mammon",
      "Leviathon",
      "Asmodeus",
      "Belphegor",
      "Belial",
      "Berith",
      "Ashtoreth",
      "Sidon",
      "Galera",
      "Moloch",
      "Utopia",
      "Azathoth",
      "Abaddon",
      "Dis",
      "Medea",
      "Crucible",
      "Wyrm",
      "Dantalion",
      "Humility",
      "Romance",
      "Wan",
      "Leeloo",
      "Zhu Que",
      "Ada",
      "Rukh",
      "Zenobia",
      "Labyrinth",
      "Genbu",
      "Qilin",
      "Black Emperor",
      "Myrkheim",
      "Idunn",
      "Draupnir",
      "Ivaldi",
      "Brokr",
      "Gadfly",
      "Eitri",
      "Gullinbursti",
      "Habrok",
      "Jotunheim",
      "Greip",
      "Gjalp",
      "Bardarbunga",
      "Thrivaldi",
      "Zosimos",
      "Ring System",
      "Accretion Disk",
      "Iron Stream",
      "Stone River",
      "Stone Conclave",
      "Freyja",
      "Brisingamen",
      "Wotan",
      "Draupnir",
      "Hlidskjalf",
      "Ring of Gyges",
      "Fenrir",
      "Gjoll",
      "Sledovik",
      "Sessho-seki",
      "Arkady",
      "Baslag",
      "Boone",
      "Zakalwe",
      "Darkense",
      "Livueta",
      "Elethiomel ",
      "Staberinde",
      "Cache",
      "Ged",
      "Palaver",
      "Rigamarole",
      "Scrimshaw",
      "Hadria",
      "Rosas",
      "Orobas",
      "Murmur",
      "Asmoday",
      "Marax",
      "Amon",
      "Komarov",
      "Nibiru",
      "Brahe",
      "Perseus",
      "Cerenkov",
      "Cygnus",
      "Saurus",
      "Pisces",
      "Carina",
      "Draco",
      "Elysia",
      "Irkalla",
      "Meropis",
      "Nysa",
      "Paititi",
      "Suddene",
      "Yomi",
      "Baltia",
      "Strathcona",
      "Tamsin",
      "Kete",
      "Hrosa",
      "Aether",
      "Eros",
      "Asphodel",
      "Erebus",
      "Nyx",
      "Acheron",
      "Kharon",
      "Tartarus",
      "Khthon",
      "Bothros",
      "Megaron",
      "Thanatos",
      "Hypnos",
      "Morpheus",
      "Phobetor",
      "Phantasos",
      "Oneiroi",
      "Lethe",
      "Cocytus",
      "Oceanus Nebula",
      "Elysion",
      "Minos",
      "Khora",
      "Mnemosyne",
      "Calliope",
      "Myhdon",
      "Edonus",
      "Biston",
      "Kleio",
      "Hyacinth ",
      "Euterpe",
      "Rhesus",
      "Erato",
      "Melpomene",
      "Polymnia",
      "Aglaope",
      "Leucosia",
      "Ligeia",
      "Molpe",
      "Pathenope",
      "Peisinoe",
      "Thelxiope",
      "Terpsichore",
      "Thalia",
      "Korybantes",
      "Urania",
      "Linus",
      "Dia",
      "Helicon",
      "Aoide",
      "Melete",
      "Mneme",
      "Parnassos",
      "Orpheus",
      "Tragedy",
      "Mangindusa",
      "Bugawasin",
      "Polo",
      "Sedumunadoc",
      "Tabiacoud",
      "Anggugru",
      "Balugu",
      "Kalabagang",
      "Taliyakad",
      "Langit",
      "Basad",
      "Sidpan",
      "Dibuwat",
      "Kavacha",
      "Orm",
      "Ogion",
      "Ring of Morred",
      "Selidor",
      "Nug",
      "Yeg",
      "Rhogog",
      "Hastur",
      "Yig",
      "Rama",
      "Hanuman",
      "Vanara",
      "Surasa",
      "Vasuki",
      "Kaliya",
      "Manasa",
      "Bakunawa",
      "Karkotaka",
      "Mucalinda",
      "Padmavati",
      "Pearl River",
      "Zmey",
      "Lamya",
      "Smok",
      "Stygia",
      "Cimmeria",
      "Magen",
      "Zirnitra",
      "Arkona",
      "Ved",
      "Kolobok",
      "Mokosh",
      "Perun",
      "Morana",
      "Veles",
      "Jarilo",
      "Morana",
      "Svarog",
      "Dazbog",
      "Indrik",
      "Stribog",
      "Gamayun",
      "Sirin",
      "Alkonost",
      "Baba Yaga",
      "Buyan",
      "Koschei",
      "Kitezh",
      "Neter",
      "Pontus",
      "Tiamat",
      "Apsu",
      "Lotan",
      "Basmu",
      "Usumgallu",
      "Masmahhu",
      "Mushussu",
      "Lahmu",
      "Ugallu",
      "Uridimmu",
      "Girtablullu",
      "Umu Dabrutu",
      "Kulullu",
      "Kusarikku",
      "Yaw",
      "Rahab",
      "Tannin",
      "Anzu",
      "Ausir",
      "Horos",
      "Nekhen",
      "Anapa",
      "Atuan",
      "Tenar",
      "Kossil",
      "Rota Fortunae",
      "Siege Perilous",
      "World Mill",
      "Ara",
      "Durer's Star",
      "Melancholia",
      "Moskva",
      "Griseus",
      "Breq",
      "Hungry Ghost",
      "Diyu",
      "Yama",
      "Naihe Qiao",
      "Youdu",
      "Qinguang",
      "Bing Diyu",
      "Chujiang",
      "Heisheng Dadi",
      "Songdi",
      "Wuguan",
      "Xuechi",
      "Yanluo",
      "Diancheng",
      "Jiaohuan",
      "Taishan",
      "Roujiang",
      "Dushi",
      "Menguo",
      "Pingden",
      "Avici",
      "Jigoku",
      "Enma",
      "Gargoyle",
      "Familiar",
      "Schrat",
      "Kobold",
      "Youming",
      "Yinjian",
      "Soleyn",
      "Glowan",
      "Sagan",
      "Idir",
      "Morthanveld",
      "Issorile",
      "Azad",
      "Gormenghast",
      "Knole",
      "Carcassonne",
      "Sark",
      "Rameumptom",
      "Vidur",
      "Jahannam",
      "Zaqqum",
      "Maalik",
      "Haawiyah",
      "Barzakh",
      "Al Nar",
      "Jahim",
      "Jannah",
      "Touba",
      "Araf",
      "Sheol",
      "Rephaim",
      "Perdition",
      "Aaru",
      "Neter-hkertet",
      "Erlig",
      "Karoaglanlar",
      "Karakizlar",
      "Karash",
      "Matyr",
      "Shyngay",
      "Komur",
      "Badysh",
      "Yabash",
      "Temir",
      "Uchar",
      "Kerey",
      "Ulgan",
      "Maidere",
      "Yav",
      "Prav",
      "Nav",
      "Anyox",
      "Atlin",
      "Comiaken",
      "Cultus",
      "Gingolx",
      "Tsimshian",
      "Ivavik",
      "Ghost Dance",
      "Mag Mell",
      "Loka",
      "Cipactli",
      "Ehecatl",
      "Spirit Wind",
      "Agiel",
      "Tesh",
      "Rohagi",
      "Cymek",
      "Bered Kai Nev",
      "Samael",
      "Agrat bat Mahlat",
      "Amamar",
      "Naamah",
      "Lilith",
      "Eisheth",
      "Zepar",
      "Suriel",
      "Old Goat",
      "Kochab",
      "Yaqum",
      "Asbeel",
      "Gadreel",
      "Penemue",
      "Kasdaye",
      "Cambriel Nebula",
      "Armaros' Work",
      "Al Kathab",
      "Armada",
      "Kohnid",
      "New Suroch",
      "Xezbeth",
      "Xaphan",
      "Vanth",
      "Erinyes",
      "Charun",
      "Calu",
      "Turms",
      "Aita",
      "Anvil",
      "Stray Dog",
      "Valefar",
      "Laverna",
      "Maderakka",
      "Sarakka",
      "Juksakka",
      "Uksakka",
      "Jabme-Akka",
      "Maan-Emo",
      "An",
      "Ki",
      "Anu",
      "Long",
      "Quy",
      "Lan",
      "Phung",
      "Art of the Jinns",
      "Tuchulcha",
      "Suanggi",
      "Surgat",
      "Chax",
      "Saleos",
      "Puloman",
      "Indrani Sachi",
      "Sivasri",
      "O Tokata",
      "Osor",
      "Empusa",
      "Mormo",
      "Onoskelis",
      "Mara",
      "Krampus",
      "Kroni",
      "Ravanan",
      "Kaliyan",
      "Thuriothanan",
      "Kad",
      "Marid",
      "Hantu Raya",
      "Tuyul",
      "Koman-tong",
      "Koman-lay",
      "Kwee Kia",
      "Jenglot",
      "Gusoyn",
      "Gallu",
      "Gaap",
      "Dzoavits",
      "Klabautermann",
      "Grigri",
      "Bakaak",
      "Kigatilik",
      "Qiqirn",
      "Tupilaq",
      "Tizheruk",
      "Run of the Haietlik",
      "Unhcegila",
      "Okeus",
      "Shapishico",
      "Atahsaya",
      "Wekufe",
      "Gualichu",
      "Babi Ngepet",
      "Royllo",
      "Braxil",
      "Mam",
      "Zuane",
      "Caprica",
      "Letum",
      "Pallida",
      "Somnus",
      "Nox",
      "Mors",
      "Pactolus",
      "Socordia",
      "Ignavia",
      "Sabriel",
      "Lirael",
      "Clariel",
      "Ranna",
      "Mosrael",
      "Kibeth",
      "Dyrim",
      "Belgaer",
      "Astarael",
      "Saraneth",
      "Tanmar",
      "Maida",
      "Bentusle",
      "Asmaidas",
      "Groclant",
      "Nona",
      "Decima",
      "Morta",
      "Ratna",
      "Sharkara",
      "Valuka",
      "Panka",
      "Dhuma",
      "Tamaha",
      "Mahatamaha",
      "Achuguayo",
      "Teide",
      "Gara",
      "Jonay",
      "Chijoraji",
      "Achuhucanac",
      "Ganigo",
      "Tagoror",
      "Goro",
      "Sose",
      "Faunus",
      "Bona Dea",
      "Pitys",
      "Echo",
      "Kelaineus",
      "Argennon",
      "Aigikoros",
      "Eugeneios",
      "Omester",
      "Daphoenus",
      "Philamnos",
      "Xanthos",
      "Glaukos",
      "Phorbas",
      "Leng",
      "Kang Admi",
      "Mika",
      "Bun Manchi",
      "Migoi",
      "Dzu-teh",
      "Miche",
      "Sarkomand",
      "Cerenerian",
      "Kephalos",
      "Procris",
      "Minyas",
      "Cymene",
      "Arcesius",
      "Astraeus",
      "Boreas",
      "Notus",
      "Eurus",
      "Zephyrus",
      "Toci",
      "Coatlicue",
      "Centeotl",
      "Chicomecoatl",
      "Texcatlipoca",
      "Xantico",
      "Chantico",
      "Mayahue",
      "Mixcoatl",
      "Centzon Huitznauhtin",
      "Tlaloc",
      "Anillo",
      "Tohil",
      "Denyen",
      "Ekwesh",
      "Peleset",
      "Sherden",
      "Teresh",
      "Weshesh",
      "Tjeker",
      "Bull Moose",
      "Minnow",
      "Will-o-wisp",
      "Stingy Jack",
      "City of Brass",
      "Saraph",
      "Harah",
      "Hazor",
      "Gezor",
      "Ningishzida",
      "Azimua",
      "Nehushtan",
      "Oberon",
      "Cymnea",
      "Faiella",
      "Clarissa",
      "Riga",
      "Sawal",
      "Dara",
      "Mandor",
      "Jurt",
      "Corwin",
      "Merlin",
      "Brand",
      "Jasra",
      "Luke",
      "Random",
      "Morganthe",
      "Martin",
      "Morganna",
      "Moronoe",
      "Mazoe",
      "Gliten",
      "Glitonea",
      "Tyronoe",
      "Thiten",
      "Pomorum",
      "Basilia",
      "Mentonomon",
      "Suroch",
      "Grimnebulin",
      "Weaver",
      "Tesh",
      "Shining Tor",
      "Vannin",
      "Manau",
      "Monabia",
      "Cushag",
      "Ayre",
      "Neb",
      "Dhoo",
      "Keter",
      "Zohar",
      "Binah",
      "Netzach",
      "Yesod",
      "Hod",
      "Simchah",
      "Emet",
      "Grimsnes",
      "Alfur",
      "Grensdalur",
      "Troll",
      "Askja",
      "Vofa",
      "Surtsey",
      "Sal",
      "Krossa",
      "Hvita",
      "Olfusa",
      "Grendel",
      "Modor",
      "Chiral Wisp",
      "Avice",
      "Maculatus",
      "Deinos",
      "Vuzgrimeti",
      "Balwom",
      "Spira",
      "Zaranya",
      "Motley",
      "Moile",
      "Prism",
      "Arcus",
      "Welo",
      "Acorn",
      "Hope",
      "Wonder",
      "Confluence",
      "Cirrus",
      "Olwyn",
      "Pantheon",
      "Eye",
      "Pharos",
      "Tempest",
      "Precipice",
      "Archon",
      "Sabazios",
      "Terror",
      "Despair",
      "Abandon",
      "Legion",
      "Golgotha",
      "Blost",
      "Uz",
      "Hul",
      "Togar",
      "Mesha",
      "Mu",
      "Naacal",
      "Zahra",
      "Hufra",
      "Zill",
      "Swang",
      "Troano",
      "Mayda",
      "Bolunda",
      "Brazir",
      "Mam",
      "Vlaanderen",
      "Asmaida",
      "Chagos",
      "Eiger",
      "Ran",
      "Vigrid",
      "Hrym",
      "Nog",
      "Gryla",
      "Cormoran",
      "Morvah",
      "Zennor",
      "Madron",
      "Athos",
      "Cadmus",
      "Echion",
      "Laius",
      "Spartoi",
      "Bellerophon",
      "Cilix",
      "Telephassa",
      "Telephe",
      "Agriope",
      "Shevar",
      "Ferragut",
      "Kroni",
      "Kapre",
      "Zipacna",
      "Mbombo",
      "Basan",
      "Wendigo",
      "Abraxas",
      "Vassago",
      "Ukobach",
      "Valac",
      "Toyol",
      "Solas",
      "Shedim",
      "Raum",
      "Ose",
      "Lempo",
      "Lilin",
      "Killakee Cat",
      "Ipos",
      "Hantu Raya",
      "Polong",
      "Pelesit",
      "Blue Crow",
      "Marathon",
      "Mazu",
      "Svarga",
      "Sunda",
      "Garbhodaka",
      "Pitrloka",
      "Dalar's Star",
      "Kardashev",
      "Hero",
      "Vecna",
      "Zendar",
      "Yaahl",
      "Sahara",
      "Gobi",
      "Kalahari",
      "Karakum",
      "Sonora",
      "Atacama",
      "Mojave",
      "Namib",
      "Aegea",
      "New Labrador",
      "New Biscay",
      "New Azov",
      "New Cordova",
      "New Pender",
      "New Guayaquil",
      "Third Bogota",
      "Yuendumu",
      "Yulara",
      "Ghan",
      "Warmun",
      "Ord",
      "Naikoon",
      "Haanas",
      "Pines",
      "Potato"
    ],
    "nomadGroupPostfixes": [
      "Freemen",
      "Clan",
      "Freeholders",
      "Roiders",
      "Miners",
      "Drillers",
      "Spacers",
      "Privateers",
      "Excavators",
      "Dwarfkin",
      "Wanderers",
      "Deeprockers",
      "Nomads",
      "Belters",
      "Guild",
      "Pinkertons",
      "Patriarchy",
      "Matriarchy",
      "Rockmen",
      "Gang",
      "Family",
      "Families",
      "Dynasty",
      "Clique",
      "Rockpipers",
      "Hogeyes",
      "Haulers",
      "Scavvies",
      "Corps",
      "Posse",
      "Prospectors",
      "Frontiersmen",
      "Trailblazers",
      "Goldhunters"
    ],
    "nomadGroupDescriptions": [
      ""
    ],
    "nomadBasePrefixes": [
      "Aelurus",
      "Hera",
      "Ares",
      "Deimos",
      "Phobos",
      "Kydoimos",
      "Makhai",
      "Mysminai",
      "Polemos",
      "Hebe",
      "Alexiares",
      "Anicetus",
      "Eris",
      "Dysnomia",
      "Lethe",
      "Limos",
      "Algos",
      "Neikea",
      "Eleuthia",
      "Enyo",
      "Enyalius",
      "Baraq",
      "Zumurrud",
      "Lithos",
      "Temblor",
      "Baal",
      "Bel",
      "Haddu",
      "Ishkur",
      "Enki",
      "Dilmun",
      "Ki",
      "Nintul",
      "Ninsutu",
      "Ninkasi",
      "Dazimua",
      "Enshagag",
      "Nintu",
      "Ninsar",
      "Ninkurra",
      "Uttu",
      "Isimud",
      "Ishtar",
      "Dumuzi",
      "Gudam",
      "Galatura",
      "Kurjara",
      "Dagon",
      "Belatu",
      "Godiva",
      "Great Dismal",
      "Herzog",
      "Pandemonium",
      "Mulciber",
      "Mammon",
      "Leviathon",
      "Asmodeus",
      "Belphegor",
      "Belial",
      "Berith",
      "Ashtoreth",
      "Sidon",
      "Galera",
      "Moloch",
      "Utopia",
      "Azathoth",
      "Abaddon",
      "Dis",
      "Medea",
      "Crucible",
      "Wyrm",
      "Dantalion",
      "Humility",
      "Romance",
      "Wan",
      "Leeloo",
      "Zhu Que",
      "Ada",
      "Rukh",
      "Zenobia",
      "Labyrinth",
      "Genbu",
      "Qilin",
      "Black Emperor",
      "Myrkheim",
      "Idunn",
      "Draupnir",
      "Ivaldi",
      "Brokr",
      "Gadfly",
      "Eitri",
      "Gullinbursti",
      "Habrok",
      "Jotunheim",
      "Greip",
      "Gjalp",
      "Bardarbunga",
      "Thrivaldi",
      "Zosimos",
      "Ring System",
      "Accretion Disk",
      "Iron Stream",
      "Stone River",
      "Stone Conclave",
      "Freyja",
      "Brisingamen",
      "Wotan",
      "Draupnir",
      "Hlidskjalf",
      "Ring of Gyges",
      "Fenrir",
      "Gjoll",
      "Sledovik",
      "Sessho-seki",
      "Arkady",
      "Baslag",
      "Boone",
      "Zakalwe",
      "Darkense",
      "Livueta",
      "Elethiomel ",
      "Staberinde",
      "Cache",
      "Ged",
      "Palaver",
      "Rigamarole",
      "Scrimshaw",
      "Hadria",
      "Rosas",
      "Orobas",
      "Murmur",
      "Asmoday",
      "Marax",
      "Amon",
      "Komarov",
      "Nibiru",
      "Brahe",
      "Perseus",
      "Cerenkov",
      "Cygnus",
      "Saurus",
      "Pisces",
      "Carina",
      "Draco",
      "Elysia",
      "Irkalla",
      "Meropis",
      "Nysa",
      "Paititi",
      "Suddene",
      "Yomi",
      "Baltia",
      "Strathcona",
      "Tamsin",
      "Kete",
      "Hrosa",
      "Aether",
      "Eros",
      "Asphodel",
      "Erebus",
      "Nyx",
      "Acheron",
      "Kharon",
      "Tartarus",
      "Khthon",
      "Bothros",
      "Megaron",
      "Thanatos",
      "Hypnos",
      "Morpheus",
      "Phobetor",
      "Phantasos",
      "Oneiroi",
      "Lethe",
      "Cocytus",
      "Oceanus Nebula",
      "Elysion",
      "Minos",
      "Khora",
      "Mnemosyne",
      "Calliope",
      "Myhdon",
      "Edonus",
      "Biston",
      "Kleio",
      "Hyacinth ",
      "Euterpe",
      "Rhesus",
      "Erato",
      "Melpomene",
      "Polymnia",
      "Aglaope",
      "Leucosia",
      "Ligeia",
      "Molpe",
      "Pathenope",
      "Peisinoe",
      "Thelxiope",
      "Terpsichore",
      "Thalia",
      "Korybantes",
      "Urania",
      "Linus",
      "Dia",
      "Helicon",
      "Aoide",
      "Melete",
      "Mneme",
      "Parnassos",
      "Orpheus",
      "Tragedy",
      "Mangindusa",
      "Bugawasin",
      "Polo",
      "Sedumunadoc",
      "Tabiacoud",
      "Anggugru",
      "Balugu",
      "Kalabagang",
      "Taliyakad",
      "Langit",
      "Basad",
      "Sidpan",
      "Dibuwat",
      "Kavacha",
      "Orm",
      "Ogion",
      "Ring of Morred",
      "Selidor",
      "Nug",
      "Yeg",
      "Rhogog",
      "Hastur",
      "Yig",
      "Rama",
      "Hanuman",
      "Vanara",
      "Surasa",
      "Vasuki",
      "Kaliya",
      "Manasa",
      "Bakunawa",
      "Karkotaka",
      "Mucalinda",
      "Padmavati",
      "Pearl River",
      "Zmey",
      "Lamya",
      "Smok",
      "Stygia",
      "Cimmeria",
      "Magen",
      "Zirnitra",
      "Arkona",
      "Ved",
      "Kolobok",
      "Mokosh",
      "Perun",
      "Morana",
      "Veles",
      "Jarilo",
      "Morana",
      "Svarog",
      "Dazbog",
      "Indrik",
      "Stribog",
      "Gamayun",
      "Sirin",
      "Alkonost",
      "Baba Yaga",
      "Buyan",
      "Koschei",
      "Kitezh",
      "Neter",
      "Pontus",
      "Tiamat",
      "Apsu",
      "Lotan",
      "Basmu",
      "Usumgallu",
      "Masmahhu",
      "Mushussu",
      "Lahmu",
      "Ugallu",
      "Uridimmu",
      "Girtablullu",
      "Umu Dabrutu",
      "Kulullu",
      "Kusarikku",
      "Yaw",
      "Rahab",
      "Tannin",
      "Anzu",
      "Ausir",
      "Horos",
      "Nekhen",
      "Anapa",
      "Atuan",
      "Tenar",
      "Kossil",
      "Rota Fortunae",
      "Siege Perilous",
      "World Mill",
      "Ara",
      "Durer's Star",
      "Melancholia",
      "Moskva",
      "Griseus",
      "Breq",
      "Hungry Ghost",
      "Diyu",
      "Yama",
      "Naihe Qiao",
      "Youdu",
      "Qinguang",
      "Bing Diyu",
      "Chujiang",
      "Heisheng Dadi",
      "Songdi",
      "Wuguan",
      "Xuechi",
      "Yanluo",
      "Diancheng",
      "Jiaohuan",
      "Taishan",
      "Roujiang",
      "Dushi",
      "Menguo",
      "Pingden",
      "Avici",
      "Jigoku",
      "Enma",
      "Gargoyle",
      "Familiar",
      "Schrat",
      "Kobold",
      "Youming",
      "Yinjian",
      "Soleyn",
      "Glowan",
      "Sagan",
      "Idir",
      "Morthanveld",
      "Issorile",
      "Azad",
      "Gormenghast",
      "Knole",
      "Carcassonne",
      "Sark",
      "Rameumptom",
      "Vidur",
      "Jahannam",
      "Zaqqum",
      "Maalik",
      "Haawiyah",
      "Barzakh",
      "Al Nar",
      "Jahim",
      "Jannah",
      "Touba",
      "Araf",
      "Sheol",
      "Rephaim",
      "Perdition",
      "Aaru",
      "Neter-hkertet",
      "Erlig",
      "Karoaglanlar",
      "Karakizlar",
      "Karash",
      "Matyr",
      "Shyngay",
      "Komur",
      "Badysh",
      "Yabash",
      "Temir",
      "Uchar",
      "Kerey",
      "Ulgan",
      "Maidere",
      "Yav",
      "Prav",
      "Nav",
      "Anyox",
      "Atlin",
      "Comiaken",
      "Cultus",
      "Gingolx",
      "Tsimshian",
      "Ivavik",
      "Ghost Dance",
      "Mag Mell",
      "Loka",
      "Cipactli",
      "Ehecatl",
      "Spirit Wind",
      "Agiel",
      "Tesh",
      "Rohagi",
      "Cymek",
      "Bered Kai Nev",
      "Samael",
      "Agrat bat Mahlat",
      "Amamar",
      "Naamah",
      "Lilith",
      "Eisheth",
      "Zepar",
      "Suriel",
      "Old Goat",
      "Kochab",
      "Yaqum",
      "Asbeel",
      "Gadreel",
      "Penemue",
      "Kasdaye",
      "Cambriel Nebula",
      "Armaros' Work",
      "Al Kathab",
      "Armada",
      "Kohnid",
      "New Suroch",
      "Xezbeth",
      "Xaphan",
      "Vanth",
      "Erinyes",
      "Charun",
      "Calu",
      "Turms",
      "Aita",
      "Anvil",
      "Stray Dog",
      "Valefar",
      "Laverna",
      "Maderakka",
      "Sarakka",
      "Juksakka",
      "Uksakka",
      "Jabme-Akka",
      "Maan-Emo",
      "An",
      "Ki",
      "Anu",
      "Long",
      "Quy",
      "Lan",
      "Phung",
      "Art of the Jinns",
      "Tuchulcha",
      "Suanggi",
      "Surgat",
      "Chax",
      "Saleos",
      "Puloman",
      "Indrani Sachi",
      "Sivasri",
      "O Tokata",
      "Osor",
      "Empusa",
      "Mormo",
      "Onoskelis",
      "Mara",
      "Krampus",
      "Kroni",
      "Ravanan",
      "Kaliyan",
      "Thuriothanan",
      "Kad",
      "Marid",
      "Hantu Raya",
      "Tuyul",
      "Koman-tong",
      "Koman-lay",
      "Kwee Kia",
      "Jenglot",
      "Gusoyn",
      "Gallu",
      "Gaap",
      "Dzoavits",
      "Klabautermann",
      "Grigri",
      "Bakaak",
      "Kigatilik",
      "Qiqirn",
      "Tupilaq",
      "Tizheruk",
      "Run of the Haietlik",
      "Unhcegila",
      "Okeus",
      "Shapishico",
      "Atahsaya",
      "Wekufe",
      "Gualichu",
      "Babi Ngepet",
      "Royllo",
      "Braxil",
      "Mam",
      "Zuane",
      "Caprica",
      "Letum",
      "Pallida",
      "Somnus",
      "Nox",
      "Mors",
      "Pactolus",
      "Socordia",
      "Ignavia",
      "Sabriel",
      "Lirael",
      "Clariel",
      "Ranna",
      "Mosrael",
      "Kibeth",
      "Dyrim",
      "Belgaer",
      "Astarael",
      "Saraneth",
      "Tanmar",
      "Maida",
      "Bentusle",
      "Asmaidas",
      "Groclant",
      "Nona",
      "Decima",
      "Morta",
      "Ratna",
      "Sharkara",
      "Valuka",
      "Panka",
      "Dhuma",
      "Tamaha",
      "Mahatamaha",
      "Achuguayo",
      "Teide",
      "Gara",
      "Jonay",
      "Chijoraji",
      "Achuhucanac",
      "Ganigo",
      "Tagoror",
      "Goro",
      "Sose",
      "Faunus",
      "Bona Dea",
      "Pitys",
      "Echo",
      "Kelaineus",
      "Argennon",
      "Aigikoros",
      "Eugeneios",
      "Omester",
      "Daphoenus",
      "Philamnos",
      "Xanthos",
      "Glaukos",
      "Phorbas",
      "Leng",
      "Kang Admi",
      "Mika",
      "Bun Manchi",
      "Migoi",
      "Dzu-teh",
      "Miche",
      "Sarkomand",
      "Cerenerian",
      "Kephalos",
      "Procris",
      "Minyas",
      "Cymene",
      "Arcesius",
      "Astraeus",
      "Boreas",
      "Notus",
      "Eurus",
      "Zephyrus",
      "Toci",
      "Coatlicue",
      "Centeotl",
      "Chicomecoatl",
      "Texcatlipoca",
      "Xantico",
      "Chantico",
      "Mayahue",
      "Mixcoatl",
      "Centzon Huitznauhtin",
      "Tlaloc",
      "Anillo",
      "Tohil",
      "Denyen",
      "Ekwesh",
      "Peleset",
      "Sherden",
      "Teresh",
      "Weshesh",
      "Tjeker",
      "Bull Moose",
      "Minnow",
      "Will-o-wisp",
      "Stingy Jack",
      "City of Brass",
      "Saraph",
      "Harah",
      "Hazor",
      "Gezor",
      "Ningishzida",
      "Azimua",
      "Nehushtan",
      "Oberon",
      "Cymnea",
      "Faiella",
      "Clarissa",
      "Riga",
      "Sawal",
      "Dara",
      "Mandor",
      "Jurt",
      "Corwin",
      "Merlin",
      "Brand",
      "Jasra",
      "Luke",
      "Random",
      "Morganthe",
      "Martin",
      "Morganna",
      "Moronoe",
      "Mazoe",
      "Gliten",
      "Glitonea",
      "Tyronoe",
      "Thiten",
      "Pomorum",
      "Basilia",
      "Mentonomon",
      "Suroch",
      "Grimnebulin",
      "Weaver",
      "Tesh",
      "Shining Tor",
      "Vannin",
      "Manau",
      "Monabia",
      "Cushag",
      "Ayre",
      "Neb",
      "Dhoo",
      "Keter",
      "Zohar",
      "Binah",
      "Netzach",
      "Yesod",
      "Hod",
      "Simchah",
      "Emet",
      "Grimsnes",
      "Alfur",
      "Grensdalur",
      "Troll",
      "Askja",
      "Vofa",
      "Surtsey",
      "Sal",
      "Krossa",
      "Hvita",
      "Olfusa",
      "Grendel",
      "Modor",
      "Chiral Wisp",
      "Avice",
      "Maculatus",
      "Deinos",
      "Vuzgrimeti",
      "Balwom",
      "Spira",
      "Zaranya",
      "Motley",
      "Moile",
      "Prism",
      "Arcus",
      "Welo",
      "Acorn",
      "Hope",
      "Wonder",
      "Confluence",
      "Cirrus",
      "Olwyn",
      "Pantheon",
      "Eye",
      "Pharos",
      "Tempest",
      "Precipice",
      "Archon",
      "Sabazios",
      "Terror",
      "Despair",
      "Abandon",
      "Legion",
      "Golgotha",
      "Blost",
      "Uz",
      "Hul",
      "Togar",
      "Mesha",
      "Mu",
      "Naacal",
      "Zahra",
      "Hufra",
      "Zill",
      "Swang",
      "Troano",
      "Mayda",
      "Bolunda",
      "Brazir",
      "Mam",
      "Vlaanderen",
      "Asmaida",
      "Chagos",
      "Eiger",
      "Ran",
      "Vigrid",
      "Hrym",
      "Nog",
      "Gryla",
      "Cormoran",
      "Morvah",
      "Zennor",
      "Madron",
      "Athos",
      "Cadmus",
      "Echion",
      "Laius",
      "Spartoi",
      "Bellerophon",
      "Cilix",
      "Telephassa",
      "Telephe",
      "Agriope",
      "Shevar",
      "Ferragut",
      "Kroni",
      "Kapre",
      "Zipacna",
      "Mbombo",
      "Basan",
      "Wendigo",
      "Abraxas",
      "Vassago",
      "Ukobach",
      "Valac",
      "Toyol",
      "Solas",
      "Shedim",
      "Raum",
      "Ose",
      "Lempo",
      "Lilin",
      "Killakee Cat",
      "Ipos",
      "Hantu Raya",
      "Polong",
      "Pelesit",
      "Blue Crow",
      "Marathon",
      "Mazu",
      "Svarga",
      "Sunda",
      "Garbhodaka",
      "Pitrloka",
      "Dalar's Star",
      "Kardashev",
      "Hero",
      "Vecna",
      "Zendar",
      "Yaahl",
      "Sahara",
      "Gobi",
      "Kalahari",
      "Karakum",
      "Sonora",
      "Atacama",
      "Mojave",
      "Namib",
      "Aegea",
      "New Labrador",
      "New Biscay",
      "New Azov",
      "New Cordova",
      "New Pender",
      "New Guayaquil",
      "Third Bogota",
      "Yuendumu",
      "Yulara",
      "Ghan",
      "Warmun",
      "Ord",
      "Naikoon",
      "Haanas",
      "Pines",
      "Potato"
    ],
    "nomadBasePostfixes": [
      "Astrome",
      "Barrage",
      "Camp",
      "Cover",
      "Citadel",
      "Den",
      "Donjon",
      "Depot",
      "Fort",
      "Freehold",
      "Freeport",
      "Freehaven",
      "Free Orbit",
      "Galastat",
      "Garrison",
      "Harbor",
      "Haven",
      "Hold",
      "Locus",
      "Main",
      "Mine Depot",
      "Nexus",
      "Orbit",
      "Port",
      "Post",
      "Presidio",
      "Platform",
      "Refuge",
      "Retreat",
      "Refinery",
      "Shadow",
      "Safehold",
      "Starhold",
      "Starport",
      "Stardock",
      "Sanctuary",
      "Station",
      "Spacedock",
      "Tertiary",
      "Terminus",
      "Terminal",
      "Ward",
      "Warsat"
    ]
  }
}