id,trigger,conditions,script,text,options,notes
"#RULESET_NAME Roider Union DEV",,,,,,
,,,,,,
# Roider fleet greeting lines,,,,,,
roider_GreetingFriendly,OpenCommLink,"$faction.id == roider
$faction.friendlyToPlayer
","$menuState = fleetConvMain 0
FireAll PopulateOptions","""Seen any raiders around?""
OR
""Burn bright, friend.""",,
roider_GreetingWeaker,OpenCommLink,"$faction.id == roider
$entity.isHostile
$entity.relativeStrength < 0
","$entity.ignorePlayerCommRequests = true 1","""You knock off us and every Roider in the Sector is gonna come down on your head like a pile o' rocks.""
 The Roider $personRank fidgets.
OR
""Keep your distance. We don't want trouble.""","cutCommLink:Cut the comm link",
roider_GreetingHostileWeakerDefiant,OpenCommLink,"$faction.id == roider
$entity.isHostile
$entity.relativeStrength < 0
$entity.weakerThanPlayerButHolding
","$entity.ignorePlayerCommRequests = true 1","The Roider $personRank makes a rude gesture over the vid-screen before killing the comm link.
OR
$personName glares defiantly and spits before killing the comm link.","cutCommLink:Cut the comm link",
roider_GreetingHostileStronger,OpenCommLink,"$faction.id == roider
$entity.isHostile
$entity.relativeStrength >= 0
","$entity.ignorePlayerCommRequests = true 1","""You came to the wrong part of the Sector, rock licker.""
OR
""You call that derelict a ship?"" The Roider $personRank spits derisively.","cutCommLink:Cut the comm link",
roider_GreetingNeutral,OpenCommLink,"$faction.id == roider
$faction.neutralToPlayer
","$menuState = fleetConvMain 0
FireAll PopulateOptions","""Keep your distance. We don't want trouble.""",,
"#END Roider fleet greeting lines",,,,,,
,,,,,,
# Trade panel flavor text,,,,,,
roiderFlavorTextMarket,TradePanelFlavorText,"$global.tradePanelMode == MARKET
$faction.id == roider score:100
","AddText ""Roider warships blend together with the dust-covered freighters and mining ships that fill the port concourse."" marketFlavorTextColor
AddText ""Gruff captains negotiate deals in run-down bars surrounded by port workers, miners, and other spacers trading drinks and tall tales."" marketFlavorTextColor",,,
"#END Trade panel flavor text",,,,,,
,,,,,,
# Relationship level descriptions,,,,,,
roider_RelLevelNeutral,RelationshipLevelDesc,"$faction.rel == NEUTRAL
$faction.id == roider",,"You're not generally well known by $faction officers, for good or ill.",,
roider_RelLevelFavorable,RelationshipLevelDesc,"$faction.rel == FAVORABLE
$faction.id == roider",,"You have connections in $theFaction. Enough to get some low-grade military equipment, at least.",,
roider_RelLevelWelcoming,RelationshipLevelDesc,"$faction.rel == WELCOMING
$faction.id == roider",,"Your name is known to some senior captains in $theFaction, to your benefit.",,
roider_RelLevelFriendly,RelationshipLevelDesc,"$faction.rel == FRIENDLY
$faction.id == roider",,"You're relatively well-known within $theFaction, whether in person or by reputation. Unimportant officers know to stay out of your way.",,
roider_RelLevelCooperative,RelationshipLevelDesc,"$faction.rel == COOPERATIVE
$faction.id == roider",,"You know some $faction CEOs personally. You have access to some of the best equipment $theFaction has to offer.",,
roider_RelLevelSuspicious,RelationshipLevelDesc,"$faction.rel == SUSPICIOUS
$faction.id == roider",,"Though nothing has been proven (yet), $faction officers tend to view you with distrust. Link access to the port authority is granted only grudgingly.",,
roider_RelLevelInhospitable,RelationshipLevelDesc,"$faction.rel == INHOSPITABLE
$faction.id == roider",,"Suspicions have risen to an actionable level. $faction captains aren't gunning for you quite yet, but $faction ports will refuse to trade with you.",,
roider_RelLevelHostile,RelationshipLevelDesc,"$faction.rel == HOSTILE
$faction.id == roider",,"$Faction captains have authorization to engage your fleet on sight, and all markets refuse to trade with you. You might still recover good standing with $theFaction, but it's going to take some serious work.",,
roider_RelLevelVengeful,RelationshipLevelDesc,"$faction.rel == VENGEFUL
$faction.id == roider",,"A holo of your face and an IDENT-hash of your last known fleet are both regular parts of news broadcasts in $faction security broadcasts. It's fairly certain there's a high-ranking $faction captain assigned to hunt you down, if the other captains don't beat them to it that is.",,
"#END Relationship level descriptions",,,,,,
,,,,,,
# cargo scan from smuggling suspicion,,,,,,
roider_CargoScanFirstComms,OpenCommLink,"$entity.cargoScanConv score:100
$faction.id == roider","AddText ""\""Heave to, spacer! Your fleet matches the profile of a suspected smuggler posted by $market authorities. You're hereby ordered to submit to a cargo scan.\""""
",,"0:cargoScan_comply:Allow the scan
1:cargoScan_refuse:Refuse and cut the comm link",
roider_CargoScanPods,CargoScanResult,"$scan_podsFound score:1000
$faction.id == roider","unset $scan_podsFound","The $faction $personRank pauses and looks off-screen.

""And what do we have here - pods full of illegal cargo. Not yours? No? Good, we'll be taking them, then.""","0:scan_podsCont:Continue",
roider_CargoScanContraband,CargoScanResult,"$scan_contrabandFound score:10
$faction.id == roider",,"""Well, well. Just as I suspected, we've got a smuggler here. Eject the contraband and we can all be on our way.""

$PersonRank $personLastName looks rather pleased. You wonder just where the goods will end up.","0:cargoScan_comply_contraband:Surrender the contraband and cut the comm link
1:cargoScan_refuse:Refuse and cut the comm link",
"#END cargo scan from smuggling suspicion",,,,,,
,,,,,,
# Roider Commission,,,,,,
roider_askForCommissionOpt,PopulateOptions,"$isPerson
$personFaction.id == roider score:100
Roider_Commission personCanGiveCommission
!Commission hasFactionCommission",,,"20:roider_cmsn_askCommission:""I'd like to be commissioned by the Roider Union""",
roider_resignCommissionOpt,PopulateOptions,"$isPerson
$personFaction.id == roider score:100
Roider_Commission personCanGiveCommission
Commission hasFactionCommission",,,"20:cmsn_resignCommission:""I'd like to resign my Roider commission""",
roider_lolNo,DialogOptionSelected,"$option == roider_cmsn_askCommission
$personFaction.isHostile score:100
$personFaction.id == roider score:100","SetEnabled roider_cmsn_askCommission false
FireBest CMSNTextRejectHostile",,,
roider_hasOther,DialogOptionSelected,"$option == roider_cmsn_askCommission
$personFaction.id == roider score:100
!$personFaction.isHostile
Commission hasOtherCommission","SetEnabled roider_cmsn_askCommission false
FireBest CMSNTextHasOther",,,
roider_doesNotMeetCriteria,DialogOptionSelected,"$option == roider_cmsn_askCommission
!Commission playerMeetsCriteria","SetEnabled roider_cmsn_askCommission false
FireBest CMSNTextUnsuited
Roider_Commission printRequirements",,,
roider_meetsCriteria,DialogOptionSelected,"$option == roider_cmsn_askCommission
$personFaction.id == roider score:100
Commission playerMeetsCriteria","FireBest CMSNTextSuitedPart1",,"0:cmsn_continueMeetsReq:Continue",
roider_meetsCriteria2,DialogOptionSelected,"$option == cmsn_continueMeetsReq
$personFaction.id == roider score:100","Commission printInfo
FireBest CMSNTextSuitedPart2",,"0:cmsn_accept:Accept a Roider commission
1:cmsn_cancel:""Perhaps I'm not quite ready for this.""",
roider_accept,DialogOptionSelected,"$option == cmsn_accept
$personFaction.id == roider score:100","FireBest CMSNTextWelcomePart1
Commission accept
FireBest CMSNTextWelcomePart2
FireAll PopulateOptions",,,
roider_resignConfirm,DialogOptionSelected,"$option == cmsn_resignConfirm
$personFaction.id == roider score:100","FireBest CMSNResignConfirmed
Commission resign
FireAll PopulateOptions",,,
,,,,,,
# Conversation Strings,,,,,,
roider_CMSNTextRejectHostile,CMSNTextRejectHostile,"$personFaction.id == roider score:100",,"""Is this some kind of joke? If you are who you say you are, you're on several Roider wanted lists.""",,
roider_CMSNTextHasOther,CMSNTextHasOther,"$personFaction.id == roider score:100",,"""You're already commissioned by $theOtherCommissionFaction. You'll have to resign that commission before you can be commissioned by the Roider Union.""",,
roider_CMSNTextUnsuited,CMSNTextUnsuited,"$personFaction.id == roider score:100",,"""I'm sorry, but you don't meet our criteria for receiving a commission.""",,
roider_CMSNTextSuitedPart1,CMSNTextSuitedPart1,"$personFaction.id == roider score:100",,"""Hmm, yes, you're a suitable candidate.

""Accepting a commission is a serious matter. You will be required to fight enemies of the Roider Union, wherever they may be found.

""You'll be able to resign your commission at any time, though I don't imagine doing so would win you any friends.""",,
roider_CMSNTextSuitedPart2,CMSNTextSuitedPart2,"$personFaction.id == roider score:100",,"""So, how about it? Still want to sign on?""",,
roider_CMSNTextWelcomePart1,CMSNTextWelcomePart1,"$personFaction.id == roider score:100",,"""Excellent! Welcome to the Union, captain.""",,
roider_CMSNTextWelcomePart2,CMSNTextWelcomePart2,"$personFaction.id == roider score:100",,"""Anything else I can do for you?""",,
roider_CMSNTextChangeMind,CMSNTextChangeMind,"$personFaction.id == roider score:100",,"""Yes, not everyone has it in them to uphold the values of the Roider Union to such a high standard. No shame in it.

""Anything else I can do for you?""",,
roider_CMSNResignAskToConfirm,CMSNResignAskToConfirm,"$personFaction.id == roider score:100",,"""Are you sure? The Roider Union needs people it can rely on, and turning your back like this won't be easily forgotten.""",,
roider_CMSNResignConfirmed,CMSNResignConfirmed,"$personFaction.id == roider score:100",,"""I can see there's no changing your mind. Well, at least you had the courtesy to tender your resignation in person.""",,
roider_CMSNResignCancelled,CMSNResignCancelled,"$personFaction.id == roider score:100",,"""A good decision. We can use people like you.""",,
"#END Conversation Strings",,,,,,
"#END Roider Commission",,,,,,
,,,,,,
# Turning AI Cores in,,,,,,
roider_aiCores_turnInOption,PopulateOptions,"$isPerson
Roider_AICores personCanAcceptCores","FireBest DisableTurnInCoresOptionIfNeeded",,"10:aiCores_startTurnIn:""I'd like to turn in these AI cores that I've acquired...""",
roider_aiCores_turnInOptionSel,DialogOptionSelected,"$option == aiCores_startTurnIn
$personFaction.id == roider score:100","FireAll Roider_PopulateCoresTurnInOptions","""A fascinating offer. Why, if one of the major factions caught you with these, they might just seize them outright. Tell you what - I'll do you a favour and give you a good price.""",,
roider_aiCores_playerHasOption,Roider_PopulateCoresTurnInOptions,,,,"0:roider_aiCores_selectCores:Select AI cores to turn in",
roider_aiCores_neverMindOption,Roider_PopulateCoresTurnInOptions,,,,"100:aiCores_neverMind:""Never mind, I don't actually have any.""",
roider_aiCores_turnInOptionSelected,DialogOptionSelected,"$option == roider_aiCores_selectCores","AICores selectCores",,,
roider_aiCores_turnInResponseDefault,AICoresTurnedIn,"$personFaction.id == roider","FireAll PopulateOptions","$PersonRank $personLastName thanks you and the conversation moves on to other matters.",,
"#END Turning AI Cores in",,,,,,
,,,,,,
# Retrofitting,,,,,,
#roider_retrofitOption,PopulateOptions,"$isPerson
$personFaction.id == roider score:100
Roider_RetrofitAccess personDoesRetrofits
Roider_RetrofitAccess isStorageAndFeePaid","FireBest Roider_CanRetrofit",,"20:roider_retrofit_direct:""Let's talk retrofits""",
roider_cannotRetrofit,Roider_CanRetrofit,"!Roider_RetrofitAccess roiderHQFunctional","SetEnabled roider_retrofit_direct false
SetTooltip roider_retrofit_direct ""You can't retrofit when the Union HQ is disrupted.""",,,
roider_retrofitProceed,DialogOptionSelected,"$option == roider_retrofit_direct","Roider_RetrofitAccess retrofit",,,
#roider_askAboutRetrofitOption,PopulateOptions,"$isPerson
$personFaction.id == roider score:100
Roider_RetrofitAccess personDoesRetrofits
!Roider_RetrofitAccess isStorageAndFeePaid","Roider_RetrofitAccess calculateFee
FireBest Roider_CanRetrofit",,"20:roider_retrofit_ask:""I hear you retrofit ships here""",
roider_willNotRetrofit,Roider_CanRetrofit,"!Roider_RetrofitAccess personwillRetrofit score:100","SetEnabled roider_retrofit_direct false
SetTooltip roider_retrofit_direct ""Your reputation is too low.""
SetEnabled roider_retrofit_ask false
SetTooltip roider_retrofit_direct ""Your reputation is too low.""",,,
roider_retrofitAskOptionSelected_FeeAndStorage,DialogOptionSelected,"$option == roider_retrofit_ask
!Roider_RetrofitAccess isFeePaid
!Roider_RetrofitAccess isStoragePaid","FireAll Roider_PopulateRetrofitFeeOptions
FireBest Roider_RetrofitCanPay","""We do, but you haven't paid the fee or paid for storage here yet.""",,
roider_retrofitAskOptionSelected_Fee,DialogOptionSelected,"$option == roider_retrofit_ask
!Roider_RetrofitAccess isFeePaid
Roider_RetrofitAccess isStoragePaid","FireAll Roider_PopulateRetrofitFeeOptions
FireBest Roider_RetrofitCanPay","""We do, but you haven't paid the fee yet.""",,
roider_retrofitAskOptionSelected_Storage,DialogOptionSelected,"$option == roider_retrofit_ask
Roider_RetrofitAccess isFeePaid
!Roider_RetrofitAccess isStoragePaid","FireAll Roider_PopulateRetrofitFeeOptions
FireBest Roider_RetrofitCanPay","""We do, but you haven't paid for storage here yet.""",,
roider_retrofitPayOption,Roider_PopulateRetrofitFeeOptions,"Roider_RetrofitAccess roiderHQFunctional",,,"0:roider_retrofit_pay:Pay $roider_retrofitFee credits and see what's available",
roider_retrofitPayOnlyOption,Roider_PopulateRetrofitFeeOptions,"!Roider_RetrofitAccess roiderHQFunctional",,,"0:roider_retrofit_payOnly:Pay $roider_retrofitFee credits",
roider_retrofitCanNotPay,Roider_RetrofitCanPay,"!Roider_RetrofitAccess canPayFee","SetEnabled roider_retrofit_pay false
SetTooltip roider_retrofit_pay ""You don't have enough credits.""
SetEnabled roider_retrofit_payOnly false
SetTooltip roider_retrofit_payOnly ""You don't have enough credits.""",,,
roider_retrofitPayOptionSelected,DialogOptionSelected,"$option == roider_retrofit_pay","Roider_RetrofitAccess payFee
Roider_RetrofitAccess retrofit",,,
roider_retrofitPayOnlyOptionSelected,DialogOptionSelected,"$option == roider_retrofit_payOnly","Roider_RetrofitAccess payFee
FireAll PopulateOptions",,,
roider_retrofitCancelOption,Roider_PopulateRetrofitFeeOptions,,,,"100:roider_retrofit_cancel:""Some other time""",
roider_retrofitCancelOptionSelected,DialogOptionSelected,"$option == roider_retrofit_cancel","FireAll PopulateOptions
unset $roider_retrofitFee
unset $roider_retrofitStorageFeeAdded",,,
"#END Retrofitting",,,,,,
,,,,,,
# Fringe HQ free transponder warning,,,,,,"Adds a no rep-loss warning at the fringe Union HQ base(s) before the vanilla warning then attack sequence can occur."
roider_tOffPatrolBegin,BeginFleetEncounter,"Roider_FreeFringeWarning isFringeHQSystem score:100
CaresAboutTransponder
!$tOff_didAlready
!$isHostile
!$faction.c:allowsTransponderOffTrade
!$sourceMarket.mc:free_market
$isPatrol
$sawPlayerTransponderOff score:100
#$roider_freeWarningCount < 1 score:100
!$roider_gaveFreeWarning score:100","$tOff_didAlready = true 0
#MakeOtherFleetPreventDisengage tOff true
MakeOtherFleetAggressive tOff false
unset $ignorePlayerCommRequests
#$roider_freeWarningCount++ 10
$roider_gaveFreeWarning = true 10
$roider_transponderOffConv = true 0
AddText ""You're being hailed by the $faction $otherShipOrFleet."" $faction.baseColor
OpenComms",,,
roider_tOffPatrolOpenComm,OpenCommLink,"$entity.roider_transponderOffConv score:100","AddText ""\""Maybe you forgot, but this is $faction space. Running with the transponder off is against the law here. You're hereby ordered to turn your transponder on, identify yourself immediately, and submit to a cargo scan for contraband.\""""
unset $entity.roider_transponderOffConv",,"0:tOff_comply:Turn the transponder on and comply
1:tOff_refuse:Refuse and cut the comm link",
roider_tOffPatrolOpenCommUnknown,OpenCommLink,"$entity.roider_transponderOffConv score:100
!$entity.knowsWhoPlayerIs","AddText ""\""Unkown $shipOrFleet, identify yourself! This is $faction space; maybe you didn't know. Running with the transponder off is against the law here. You're hereby ordered to turn your transponder on and submit to a cargo scan for contraband.\""""
unset $entity.roider_transponderOffConv",,"0:tOff_comply:Turn the transponder on and comply
1:tOff_refuse:Refuse and cut the comm link",
roider_tOffPatrolOpenCommTOn,OpenCommLink,"$entity.roider_transponderOffConv score:100
$player.transponderOn","AddText ""\""This is $faction space; maybe you didn't know. Running with the transponder off is against the law here. Don't think you can just turn it back on and avoid our attention - you're hereby ordered to submit to a cargo scan for contraband.\""""
unset $entity.roider_transponderOffConv",,"0:tOff_comply2:Allow the scan
1:tOff_refuse:Refuse and cut the comm link",
"#END Fringe HQ free transponder warning",,,,,,

