name,id,tier,rarity,base value,range,damage/second,damage/shot,emp,impact,turn rate,OPs,ammo,ammo/sec,reload size,type,energy/shot,energy/second,chargeup,chargedown,burst size,burst delay,min spread,max spread,spread/shot,spread decay/sec,beam speed,proj speed,launch speed,flight time,proj hitpoints,autofireAccBonus,extraArcForAI,hints,tags,groupTag,tech/manufacturer,for weapon tooltip>>,primaryRoleStr,speedStr,trackingStr,turnRateStr,accuracyStr,customPrimary,customPrimaryHL,customAncillary,customAncillaryHL,noDPSInTooltip,number
Blasting Laser,roider_blastinglaser,0,,400,500,490,,,0,30,6,,,,ENERGY,,600,0.1,0.1,0.3,1,,,,,10000,,,,,,,"PD, ANTI_FTR, PD_ALSO","pd7, roider, roider_bp",,Roider Union,,Point Defense,,,,,,,,,,3
,,,,,,,,,,,,,,,,,,,,,,,,,,,,,,,,,,,,,,,,,,,,,,,,
Hazard MRM,roider_hazard_mrm,0,,150,2000,,250,,15,30,1,4,,,HIGH_EXPLOSIVE,0,,0,8,4,0.25,0,0,0,0,,400,200,7.5,75,,,DO_NOT_AIM,"missile6, strike1, roider, roider_bp",,Roider Union,,Finisher,Medium,Medium,,,,,,,,
Zap SRM Launcher,roider_zap,1,,200,1000,,60,70,0,50,4,60,0.5,8,FRAGMENTATION,0,,0,3,4,0.1,0,0,0,0,,400,150,4,50,,,"ANTI_FTR, DO_NOT_AIM, DO_NOT_CONSERVE","utility8, missile0, roider, roider_bp",,Roider Union,,Anti Fighter,Fast,Excellent,,,Each missile fires an electric arc at up to %s range when a target passes in front of it. Fighters take an extra %s EMP damage.,500 | 280,,,,
,,,,,,,,,,,,,,,,,,,,,,,,,,,,,,,,,,,,,,,,,,,,,,,,
Rotary Hammer Launcher,roider_rotary_hammer,1,,800,1200,,1500,,30,12,12,11,,,HIGH_EXPLOSIVE,0,,0,0.5,1,0,8,8,0,0,,500,40,4,350,,,"CONSERVE_ALL, CONSERVE_FOR_ANTI_ARMOR, STRIKE","strike11, rocket8, roider, roider_bp",,Roider Union,,Torpedo,Fast,None,,,The drum can hold %s torpedoes and is reloaded %s torpedoes at a time from the internal magazine. Rotation of the drum resets the reload.,3 | 2,Drum reload delay (seconds): %s,4.45,TRUE,16.4
,,,,,,,,,,,,,,,,,,,,,,,,,,,,,,,,,,,,,,,,,,,,,,,,
Sharpshooter,roider_marksman,1,,250,700,,75,,10,75,4,,,,FRAGMENTATION,25,,0,0.5,1,,0,0,0,10,,1000,,,100,,,"PD, ANTI_FTR","pd7, LR, roider, roider_bp",,Roider Union,,Point Defense,,,,,,,,,,109
Doldrums Chaingun,roider_doldrums,2,,600,500,,100,100,15,30,7,12,0.4,6,KINETIC,25,,0,7,6,0.1,0,15,3,5,,1000,,,50,,,,"kinetic8, roider, rare_bp, hist1t, merc",,,,Anti Shield,,,,,,,,,,110
,,,,,,,,,,,,,,,,,,,,,,,,,,,,,,,,,,,,,,,,,,,,,,,,
Spike Driver,roider_spike_driver,1,,1200,650,,300,,20,20,10,,,,KINETIC,240,,0,1,1,,0,15,3,3,,650,,,500,,,,"kinetic13, roider, roider_bp",,Roider Union,,Anti Shield,,,,,Rate of fire starts at %s and increases as accuracy degrades.,50%,,,,110
Pile Driver,roider_pile_driver,1,,3500,750,,600,,70,15,20,,,,KINETIC,600,,0,1,1,,0,15,3,3,,600,,,500,,,,"kinetic19, roider, rare_bp",,Roider Union,,Anti Shield,,,,,Rate of fire starts at %s and increases as accuracy degrades.,50%,,,,111
,,,,,,,,,,,,,,,,,,,,,,,,,,,,,,,,,,,,,,,,,,,,,,,,
#Built-in,,,,,,,,,,,,,,,,,,,,,,,,,,,,,,,,,,,,,,,,,,,,,,,,
Doldrums Chaingun,roider_doldrums_fighter,2,,600,500,,100,100,15,30,7,12,0.4,6,KINETIC,25,,0,7,6,0.1,0,15,3,5,,1000,,,50,,,SYSTEM,"kinetic8, roider, rare_bp, hist1t, merc",,,,Anti Shield,,,,,,,,,,110
Vulcan Cannon,roider_vulcan,4,,0,250,,25,,1,75,0,,,,FRAGMENTATION,1,,0,0.05,1,,0,15,1,15,,800,,,10,,,"SYSTEM, PD",,,,,Point Defense,,,,,,,,,,102
Hazard MRM,roider_hazard_mrm_bomber,4,,0,2000,,250,,15,30,0,4,,,HIGH_EXPLOSIVE,0,,0,8,4,0.25,0,0,0,0,,400,200,7.5,75,,,"STRIKE, SYSTEM, GUIDED_POOR",,,,,Close Support,Medium,Medium,,,,,,,,106
Zap SRM Launcher,roider_zap_fighter,4,,0,1000,,60,70,0,50,0,,,,FRAGMENTATION,0,,0,3,2,0.1,0,0,0,0,,400,150,4,50,,,"ANTI_FTR, DO_NOT_AIM, SYSTEM,DO_NOT_CONSERVE",,,,,Anti Fighter,Fast,Excellent,,,Each missile fires an electric arc at up to %s range when a target passes in front of it. Fighters take an extra %s EMP damage.,500 | 280,,,,108
Mini Vulcan Cannon,roider_mini_vulcan,0,,0,250,,25,,1,75,2,,,,FRAGMENTATION,1,,0,1.05,20,0.05,0,15,1,15,,800,,,10,,,"SYSTEM,PD","pd5, SR",,,,Point Defense,,,,,,,This weapon is built-in only.,,,109
Mini Sharpshooter,roider_marksman_mini,0,,0,700,,50,,10,75,4,,,,FRAGMENTATION,20,,0,0.5,1,,0,0,0,10,,1000,,,100,,,"SYSTEM, PD, ANTI_FTR",,,,,Point Defense,,,,,,,,,,111
Hammer-class Torpedo (Single),roider_hammer_armature,0,,75,1200,,1500,,30,10,1,1,,,HIGH_EXPLOSIVE,0,,0,1,1,,0,0,0,0,,500,40,4,350,,,"STRIKE, SYSTEM",,,,,Torpedo,Fast,None,,,,,,,TRUE,9.9
Heavy Machine Gun,roider_heavymg,2,,0,450,,40,,3,40,10,,,,KINETIC,15,,0,0.2,4,0.1,0,5,1,15,,700,,,30,,,"PD, SYSTEM","kinetic11, pd10, SR, midline_bp, merc",,,,Point Defense,,,,,,,,,,3.85
Stinger-class Proximity Mine,roider_fragbomb,0,,100,500,,500,,10,0,1,2,0.1,,FRAGMENTATION,0,,0,1,1,,0,0,0,0,,50,20,7,150,,,"DO_NOT_AIM, ANTI_FTR, PD_ONLY, SYSTEM",he0,,,,Anti Fighter,,,,,,,,,TRUE,3.2
,,,,,,,,,,,,,,,,,,,,,,,,,,,,,,,,,,,,,,,,,,,,,,,,
Roider Flare Launcher,roider_flareLauncher,,,,500,,10,400,,,,,0,,ENERGY,0,0,0,0.1,3,0.1,90,90,0,0,,400,200,7,1,,,SYSTEM,,,,,,,,,,,,,,,38
,,,,,,,,,,,,,,,,,,,,,,,,,,,,,,,,,,,,,,,,,,,,,,,,
#Special,,,,,,,,,,,,,,,,,,,,,,,,,,,,,,,,,,,,,,,,,,,,,,,,
roider_sheriff_glow,roider_sheriff_glow,,,,1,1,,,,,,,,,,,,,10,,,,,,,,,,,,,,SYSTEM,,,Roider Union,,,,,,,,,This weapon is built-in only.,,TRUE,30001
roider_sheriff_mask,roider_sheriff_mask,,,,1,1,,,,,,,,,,,,,10,,,,,,,,,,,,,,SYSTEM,,,Roider Union,,,,,,,,,This weapon is built-in only.,,TRUE,30002
,,,,,,,,,,,,,,,,,,,,,,,,,,,,,,,,,,,,,,,,,,,,,,,,
,,,,,,,,,,,,,,,,,,,,,,,,,,,,,,,,,,,,,,,,,,,,,,,,
roider_firestorm_mask,roider_firestorm_mask,,,,1,1,,,,,,,,,,,,,10,,,,,,,,,,,,,,SYSTEM,,,Roider Union,,,,,,,,,This weapon is built-in only.,,TRUE,30901
,,,,,,,,,,,,,,,,,,,,,,,,,,,,,,,,,,,,,,,,,,,,,,,,
roider_jane_mask_fl,roider_jane_mask_fl,,,,1,1,,,,,,,,,,,,,10,,,,,,,,,,,,,,SYSTEM,,,Roider Union,,,,,,,,,This weapon is built-in only.,,TRUE,31001
roider_jane_mask_fr,roider_jane_mask_fr,,,,1,1,,,,,,,,,,,,,10,,,,,,,,,,,,,,SYSTEM,,,Roider Union,,,,,,,,,This weapon is built-in only.,,TRUE,31002
roider_jane_mask_rl,roider_jane_mask_rl,,,,1,1,,,,,,,,,,,,,10,,,,,,,,,,,,,,SYSTEM,,,Roider Union,,,,,,,,,This weapon is built-in only.,,TRUE,31003
roider_jane_mask_rr,roider_jane_mask_rr,,,,1,1,,,,,,,,,,,,,10,,,,,,,,,,,,,,SYSTEM,,,Roider Union,,,,,,,,,This weapon is built-in only.,,TRUE,31004
,,,,,,,,,,,,,,,,,,,,,,,,,,,,,,,,,,,,,,,,,,,,,,,,
roider_gambit_mask,roider_gambit_mask,,,,1,1,,,,,,,,,,,,,10,,,,,,,,,,,,,,SYSTEM,,,Roider Union,,,,,,,,,This weapon is built-in only.,,TRUE,32001
roider_gambit_p_mask,roider_gambit_p_mask,,,,1,1,,,,,,,,,,,,,10,,,,,,,,,,,,,,SYSTEM,,,Roider Union,,,,,,,,,This weapon is built-in only.,,TRUE,32001
,,,,,,,,,,,,,,,,,,,,,,,,,,,,,,,,,,,,,,,,,,,,,,,,
roider_wrecker_glow1,roider_wrecker_glow1,,,,1,1,,,,,,,,,,,,,10,,,,,,,,,,,,,,SYSTEM,,,Roider Union,,,,,,,,,This weapon is built-in only.,,TRUE,30001
roider_wrecker_glow2,roider_wrecker_glow2,,,,1,1,,,,,,,,,,,,,10,,,,,,,,,,,,,,SYSTEM,,,Roider Union,,,,,,,,,This weapon is built-in only.,,TRUE,30001
,,,,,,,,,,,,,,,,,,,,,,,,,,,,,,,,,,,,,,,,,,,,,,,,
roider_argos_leftMask,roider_argos_leftMask,,,,1,1,,,,,,,,,,,,,10,,,,,,,,,,,,,,SYSTEM,,,Roider Union,,,,,,,,,This weapon is built-in only.,,TRUE,32001
roider_argos_rightMask,roider_argos_rightMask,,,,1,1,,,,,,,,,,,,,10,,,,,,,,,,,,,,SYSTEM,,,Roider Union,,,,,,,,,This weapon is built-in only.,,TRUE,32002
