name,id,designation,tech/manufacturer,system id,fleet pts,hitpoints,armor rating,max flux,8/6/5/4%,flux dissipation,ordnance points,fighter bays,max speed,acceleration,deceleration,max turn rate,turn acceleration,mass,shield type,defense id,shield arc,shield upkeep,shield efficiency,phase cost,phase upkeep,min crew,max crew,cargo,fuel,fuel/ly,range,max burn,base value,cr %/day,CR to deploy,peak CR sec,CR loss/sec,supplies/rec,supplies/mo,c/s,c/f,f/s,f/f,crew/s,crew/f,hints,tags,rarity,breakProb,minPieces,maxPieces,travel drive,number
Breaker,roider_drone_breaker,,Roider Union,,,400,75,600,,100,0,,200,300,250,90,180,30,NONE,,0,0,0,,,0,0,,,,,,,,,,,,,,,,,,,,,,0,,,,101
Bolt,roider_bolt,,Roider Union,,,500,75,200,,30,0,,500,300,400,90,180,30,NONE,,0,0,0,,,1,1,,,,,,,,,,,,,,,,,,,,,,0,,,,102
Duster,roider_duster,,Roider Union,,,750,100,50,,14,0,,220,350,300,60,120,40,NONE,,0,0,0,,,2,2,,,,,,,,,,,,,,,,,,,,,,0,,,,103
Dragline,roider_dragline,,Roider Union,,,1000,150,200,,80,0,,160,300,250,45,90,75,NONE,,0,0,0,,,4,4,,,,,,,,,,,,,,,,,,,,,,0,,,,104
Hopskip Mk.II,roider_hopskip2,,Roider Union,,,400,50,200,,30,0,,300,350,300,90,180,50,NONE,,0,0,0,,,2,2,,,,,,,,,,,,,,,,,,,,,,0,,,,105
Rocksaw,roider_rocksaw,,Roider Union,,,800,250,200,,80,0,,120,180,150,90,180,60,NONE,,0,0,0,,,2,2,,,,,,,,,,,,,,,,,,,,,,0,,,,106
Tracker,roider_drone_tracker,,Roider Union,,,200,25,150,,250,0,,250,300,250,90,180,25,FRONT,,120,0.5,1,,,0,0,,,,,,,,,,,,,,,,,,,,,,0,,,,107
Armature,roider_armature,,Roider Union,,,800,150,200,,30,0,,220,300,250,90,180,50,NONE,,0,0,0,,,0,0,,,,,,,,,,,,,,,,,,,,,,0,,,,108
Armature,roider_armature_left,,Roider Union,,,800,150,200,,30,0,,220,300,250,90,180,50,NONE,,0,0,0,,,0,0,,,,,,,,,,,,,,,,,,,,,,0,,,,108.1
,,,,,,,,,,,,,,,,,,,,,,,,,,,,,,,,,,,,,,,,,,,,,,,,,,,,,
Cyclops,roider_cyclops,Frigate,Roider Union,maneuveringjets,5,1200,250,2200,1900,130,33,,120,100,90,80,100,150,OMNI,,120,0.5,1.2,,,15,30,25,30,1,30,10,8000,8,10,240,0.25,4,4,,,,,,,,"roider, roider_bp, no_drop, merc",,0.5,2,2,,201
Pepperbox,roider_pepperbox,Frigate,Roider Union,maneuveringjets,4,1000,150,750,938,75,25,,90,80,50,45,60,200,FRONT,,150,0.5,1.2,,,5,20,30,40,1,40,9,7000,5,20,180,0.25,2,2,,,,,,,,"roider, roider_retrofit, no_drop, merc",,0.5,2,2,,202
Nolasher,roider_nolasher,Frigate,Roider Union,flarelauncher,4,2000,200,1600,1500,120,45,,135,125,95,60,120,300,FRONT,,200,0.6,1,,,25,50,25,40,1,40,10,10000,8,10,240,0.25,3,3,,,,,,,,"roider, roider_retrofit, no_drop, merc",,0.5,2,2,,204
Roach,roider_roach,Heavy Frigate,Roider Union,temporalshell,8,2500,400,2000,1875,140,55,,120,105,90,70,120,350,NONE,,0,0,0,,,35,45,40,20,1,20,10,30000,7,20,180,0.25,6,6,,,,,,,SHIP_WITH_MODULES,"rare_bp, roider, roider_retrofit, merc",,0.5,2,2,,205
,roider_roach_armor,Prow Armor,,,2,500,600,100,1667,100,0,,0,0,0,10,10,250,NONE,,0,0,0,,,0,0,0,0,1,0,,500000,,1,,,0,0,,,,,,,"UNBOARDABLE, HIDE_IN_CODEX","module_hull_bar_only, roider_armor",,1,2,3,,205.1
Sheriff,roider_sheriff,Frigate,Roider Union,roider_dreadLoaders,8,1600,220,2000,,180,50,1,175,200,175,90,270,250,OMNI,,90,0.4,0.8,,,20,30,30,20,1,20,11,38000,10,20,180,0.25,8,8,,,,,,,WEAPONS_FRONT_TO_BACK,"rare_bp, merc",0.75,0.5,2,2,,206
,,,,,,,,,,,,,,,,,,,,,,,,,,,,,,,,,,,,,,,,,,,,,,,,,,,,,
Aurochs,roider_aurochs,Destroyer,Roider Union,emp,10,3500,300,4500,2917,175,65,,60,35,25,20,10,500,OMNI,,120,0.4,0.7,,,25,50,80,80,2,40,9,45000,5,15,300,0.25,9,9,,,,,,,SHIP_WITH_MODULES,"rare_bp, roider, roider_retrofit, no_drop, merc",,0.5,2,3,,300
,roider_aurochs_armor,Prow Armor,,,2,700,450,100,1667,100,0,,0,0,0,10,10,300,NONE,,0,0,0,,,0,0,0,0,1,0,,500000,,1,,,0,0,,,,,,,"UNBOARDABLE, HIDE_IN_CODEX","module_hull_bar_only, roider_armor",,1,2,3,,300.1
Cowboy,roider_cowboy,Light Carrier,Roider Union,targetingfeed,10,4000,400,2000,1667,150,70,2,60,40,25,25,20,500,OMNI,,120,0.5,1,,,80,150,120,80,2,40,9,35000,5,12,360,0.25,11,11,,,,,,,CARRIER,"roider, roider_retrofit, no_drop, merc",,0.5,2,3,,301
Firestorm,roider_firestorm,Destroyer,Roider Union,ammofeed,10,5000,600,6000,3333,250,60,,65,45,30,35,70,500,OMNI,,150,0.4,1.2,,,60,100,100,80,2,40,9,38000,5,12,360,0.25,10,10,,,,,,,SHIP_WITH_MODULES,"roider, roider_retrofit, no_drop, merc",,0.5,2,3,,302
,roider_firestorm_left,Port Armor,,,2,600,900,100,1667,100,0,,0,0,0,10,10,400,NONE,,0,0,0,,,0,0,0,0,1,0,,500000,,1,,,0,0,,,,,,,"UNBOARDABLE, HIDE_IN_CODEX","module_hull_bar_only, roider_armor",,1,2,3,,302.1
,roider_firestorm_right,Starboard Armor,,,2,600,900,100,1667,100,0,,0,0,0,10,10,400,NONE,,0,0,0,,,0,0,0,0,1,0,,500000,,1,,,0,0,,,,,,,"UNBOARDABLE, HIDE_IN_CODEX","module_hull_bar_only, roider_armor",,1,2,3,,302.2
Onager,roider_onager,Destroyer,Roider Union,burndrive,10,5000,650,4000,3333,200,75,1,55,45,25,25,15,550,OMNI,,120,0.6,1,,,80,120,80,80,2,40,9,40000,5,12,420,0.25,10,10,,,,,,,SHIP_WITH_MODULES,"roider, roider_bp, no_drop, merc",,0.5,2,3,,303
,roider_onager_armor,Prow Armor,,,2,1000,975,100,1667,100,0,,0,0,0,10,10,400,NONE,,0,0,0,,,0,0,0,0,1,0,,500000,,1,,,0,0,,,,,,,"UNBOARDABLE, HIDE_IN_CODEX","module_hull_bar_only, roider_armor",,1,2,3,,303.1
Bombard,roider_bombard,Destroyer,Roider Union,flarelauncher,9,3000,450,4500,3333,200,70,,40,30,20,25,25,500,FRONT,,120,0.5,1,,,50,60,60,30,2,15,9,30000,5,15,360,0.25,8,8,,,,,,,,"roider, roider_retrofit, no_drop, merc",,0.5,2,3,,305
Jane,roider_jane,Tanker,Roider Union,flarelauncher_active,8,3000,400,3500,2500,150,50,1,60,50,30,25,20,500,OMNI,,90,0.5,1.2,,,10,40,30,600,2,300,8,30000,5,15,360,0.25,5,5,,,120,300,,,"CIVILIAN, TANKER, SHIP_WITH_MODULES","roider, roider_retrofit, no_drop, merc",,0.75,3,4,,306
,roider_jane_armor,Prow Armor,,,2,600,600,100,1667,100,0,,0,0,0,10,10,400,NONE,,0,0,0,,,0,0,0,0,1,0,,500000,,1,,,0,0,,,,,,,"UNBOARDABLE, HIDE_IN_CODEX","module_hull_bar_only, roider_armor",,1,2,3,,306.1
,,,,,,,,,,,,,,,,,,,,,,,,,,,,,,,,,,,,,,,,,,,,,,,,,,,,,
Gambit,roider_gambit,Fast Cruiser,Roider Union,ammofeed,13,7000,1000,7000,7000,300,100,,80,50,40,20,15,1200,FRONT,,240,0.6,1.2,,,150,200,100,120,3,40,9,100000,4,12,480,0.25,18,18,,,,,,,SHIP_WITH_MODULES,"rare_bp, roider, roider_retrofit, no_drop, merc",,0.5,2,3,,400
,roider_gambit_armor,Mantle,,,2,1400,1500,100,2500,100,0,,0,0,0,10,10,400,NONE,,0,0,0,,,0,0,0,0,1,0,,500000,,1,,,0,0,,,,,,,"UNBOARDABLE, HIDE_IN_CODEX","module_hull_bar_only, roider_armor",,1,2,3,,400.1
Gambit (P),roider_gambit_p_base,Fast Cruiser,Pirate,ammofeed,13,7000,1000,7000,7000,300,100,,80,50,40,20,15,1200,FRONT,,240,0.6,1.2,,,150,200,100,120,3,40,9,90000,4,12,480,0.25,16,16,,,,,,,"SHIP_WITH_MODULES, HIDE_IN_CODEX",no_drop,,0.5,2,3,,400
,roider_gambit_p_armor,Mantle,,,2,1400,1500,100,2500,100,0,,0,0,0,10,10,400,NONE,,0,0,0,,,0,0,0,0,1,0,,500000,,1,,,0,0,,,,,,,"UNBOARDABLE, HIDE_IN_CODEX","module_hull_bar_only, roider_armor",,1,2,3,,400.1
Ogrov,roider_colossus2,Torpedo Cruiser,Roider Union,damper,10,6000,600,3250,3600,180,80,,50,25,10,12,12,1500,FRONT,,150,0.5,1,,,60,120,300,60,4,15,7,75000,3,20,480,0.25,9,9,,,,,,,,"roider, roider_retrofit, no_drop, merc",,0.5,2,3,,402
Ranch,roider_ranch,Carrier,Roider Union,reservewing,14,6000,700,5000,4000,180,100,4,50,25,10,15,12,1200,OMNI,,120,0.5,1,,,200,500,300,120,3,40,8,120000,4,12,420,0.25,22,22,,,,,,,"CARRIER, SHIP_WITH_MODULES","roider, roider_retrofit, rare_bp, merc",,0.6,2,3,,403
,roider_ranch_armor,Prow Armor,,,2,1200,1050,100,2500,100,0,,0,0,0,10,10,400,NONE,,0,0,0,,,0,0,0,0,1,0,,500000,,1,,,0,0,,,,,,,"UNBOARDABLE, HIDE_IN_CODEX","module_hull_bar_only, roider_armor",,1,2,3,,403.1
Wrecker,roider_wrecker,Cruiser,Roider Union,roider_phasenet,15,9000,1100,10000,10500,500,150,,45,30,20,15,20,1500,FRONT,,240,0.5,1,,,180,300,150,120,4,30,8,125000,3,12,480,0.25,24,24,,,,,,,SHIP_WITH_MODULES,"roider, roider_retrofit, no_drop, merc",,0.5,2,3,,404
,roider_wrecker_armor,Prow Armor,,,2,1800,1650,100,2500,100,0,,0,0,0,10,10,600,NONE,,0,0,0,,,0,0,0,0,1,0,,500000,,1,,,0,0,,,,,,,"UNBOARDABLE, HIDE_IN_CODEX","module_hull_bar_only, roider_armor",,1,2,3,,404.1
,,,,,,,,,,,,,,,,,,,,,,,,,,,,,,,,,,,,,,,,,,,,,,,,,,,,,
Telamon,roider_telamon,Battleship,Roider Union,burndrive,28,16000,1250,16000,15000,400,320,2,35,15,14,6,6,3500,OMNI,,180,0.6,1,,,600,1250,350,500,15,33,7,350000,3,12,720,0.25,40,40,,,,,,,SHIP_WITH_MODULES,"rare_bp, roider, roider_retrofit, merc",,0.6,2,4,,500
,roider_telamon_front,Prow Armor,,,8,2500,2000,100,2500,100,0,,0,0,0,10,10,1000,NONE,,0,0,0,,,0,0,0,0,1,0,,500000,,1,,,0,0,,,,,,,"UNBOARDABLE, HIDE_IN_CODEX","module_hull_bar_only, roider_armor",,1,2,3,,500.1
,roider_telamon_left,Port Sponson Armor,,,5,1500,1800,100,2500,100,0,,0,0,0,10,10,600,NONE,,0,0,0,,,0,0,0,0,1,0,,500000,,1,,,0,0,,,,,,,"UNBOARDABLE, HIDE_IN_CODEX","module_hull_bar_only, roider_armor",,1,2,3,,500.2
,roider_telamon_right,Starboard Sponson Armor,,,5,1500,1800,100,2500,100,0,,0,0,0,10,10,600,NONE,,0,0,0,,,0,0,0,0,1,0,,500000,,1,,,0,0,,,,,,,"UNBOARDABLE, HIDE_IN_CODEX","module_hull_bar_only, roider_armor",,1,2,3,,500.3
Argos,roider_argos,Mothership,Roider Union,flarelauncher_active,20,10000,1500,12000,10000,400,200,,30,15,10,4,4,4000,OMNI,,180,0.5,1,,,400,1200,1000,1800,6,300,7,250000,2,15,720,0.25,32,32,,,,,,,,"rare_bp, roider, roider_retrofit, merc",,0.75,3,5,,501
