{
    "id": "roider",
    "name": "Roider Union",
    "author": "SafariJohn",
    "utility": "false",
    "version": { "major":"2", "minor": "1", "patch": "1" },
    "description": "Adds the Roider Union, an alliance of independent asteroid miners and minor corporations.",
    "gameVersion": "0.97a-RC11",
    "jars":["jars/Roider_Union.jar"],
    "modPlugin":"roiderUnion.ModPlugin",
    "dependencies": [
        {
            "id": "lw_lazylib",
            "name": "LazyLib",
        },
        {
            "id": "MagicLib",
            "name": "MagicLib",
        },
        {
            "id": "RetroLib",
            "name": "RetroLib",
        }
    ]
}