{
    "id": "roider",
    "name": "Roider Union",
    "author": "SafariJohn",
    "utility": "false",
    "version": { "major":"2", "minor": "2", "patch": "6" },
    "description": "Adds the Roider Union, an alliance of independent asteroid miners and minor corporations.",
    "gameVersion": "0.98a-RC8",
    "jars":["jars/RoiderUnion.jar"],
    "modPlugin":"roiderUnion.ModPlugin",
    "dependencies": [
        {
            "id": "lw_lazylib",
            "name": "LazyLib"
        },
        {
            "id": "MagicLib",
            "name": "MagicLib"
        },
        {
            "id": "RetroLib",
            "name": "RetroLib"
        }
    ]
}