{
	"roider_station_rockpiper":{
		"defaultName":"Roider Asteroid Station", # used if name=null in addCustomEntity()
		"defaultRadius":80, # used if radius<0 in addCustomEntity()
		"customDescriptionId":"orbital_station_default",
		"interactionImage":"graphics/illustrations/urban03.jpg",
		"icon":"graphics/icons/station0.png",
		"iconWidth":24,
		"iconHeight":24,
		"sprite":"graphics/stations/roider_station_rockpiper.png",
		"spriteWidth":111,
		"spriteHeight":136,
		"renderShadow":false, #true,
		"useLightColor":true,
		"showInCampaign":true,
		"showIconOnMap":true,
		"showNameOnMap":false,
		"scaleNameWithZoom":false,
		"scaleIconWithZoom":true,
		"tags":["station"],
		"layers":[STATIONS], # what layer(s) to render in. See CampaignEngineLayers.java for possible values
	},
}


