{
	# The following hull style ids are reserved and can not be used:
	# "sounds", "DEFAULT", "FIGHTER", "FRIGATE", "DESTROYER", "CRUISER", "CAPITAL_SHIP"
	
	"ROIDER_HULL":{
		"hyperspaceJitterColor":[255,125,45,200],
		"baseCampaignExplosionColor":[255,125,25,255],
		"baseCombatExplosionColor":[255,125,25,255],
		"fighterRepairFlickerColor":[255,125,25,255],
		"fighterChipIconColor":[242,208,141,255],
		"weaponDisabledExplosionColor":[255,125,25,255],
		"shieldRingColor":[255,255,255,255],
		"shieldInnerColor":[255,125,125,75],
		"fluxVentCoreColor":[255,255,255,255],
		"fluxVentFringeColor":[125,0,155,255],
		"engineLoopSet":"engine_loop", 				# id of entry in sounds.json
		"engineAccelerateSet":"engine_accelerate",		# id of entry in sounds.json
		"empLoopSet":"emp_loop",				# id of entry in sounds.json
		"fluxLoopSet":"flux_loop",				# id of entry in sounds.json
		"ventFluxSet":"vent_flux",				# id of entry in sounds.json
		"shieldBurnoutSet":"shield_burnout",			# id of entry in sounds.json
		"shieldLowerSet":"shield_lower",			# id of entry in sounds.json
		"shieldRaiseSet":"shield_raise",			# id of entry in sounds.json
		"explosionShipSet":"explosion_ship",			# id of entry in sounds.json
		"damageDecalSheet":"graphics/damage/damage_decal_sheet_base.png",
		"damageDecalGlowSheet":"graphics/damage/damage_decal_sheet_glow.png",
		
		"colorShiftCovers":true,
		"coversColorShiftAmount":0.9,
		"coversMatchShipBrightness":true,
		"slotCoverSmallTurret":"graphics/weapons/covers/cover_turret_midline_small.png",
		"slotCoverSmallHardpoint":"graphics/weapons/covers/cover_hardpoint_midline_small.png",
		"slotCoverMediumTurret":"graphics/weapons/covers/cover_turret_midline_medium.png",
		"slotCoverMediumHardpoint":"graphics/weapons/covers/cover_hardpoint_midline_medium.png",
		"slotCoverLargeTurret":"graphics/weapons/covers/cover_turret_midline_large.png",
		"slotCoverLargeHardpoint":"graphics/weapons/covers/cover_hardpoint_midline_large.png",

		"dHullOverlayLight":"graphics/damage/dmod_overlay_lowtech_light.png",
		"dHullOverlayMedium":"graphics/damage/dmod_overlay_lowtech_medium.png",
		"dHullOverlayHeavy":"graphics/damage/dmod_overlay_lowtech_heavy.png",
		
	}
}



