id,variant,tags,tier,rarity,fleet pts,op cost,formation,range,attackRunRange,attackPositionOffset,num,role,role desc,refit,base value,,,,,,,,,,,,,number
roider_rocksaw_wing,roider_rocksaw_Fighter,"fighter4, fighter, rare_bp, roider",2,,9,14,CLAW,4000,500,300,2,FIGHTER,Heavy Assault Fighter,15,16000,,,,,,,,,,,,,7
roider_dragline_wing,roider_dragline_S,"support3, support, rare_bp, roider",3,,7,15,V,4000,500,,2,SUPPORT,Support,15,10000,,,,,,,,,,,,,7
,,,,,,,,,,,,,,,,,,,,,,,,,,,,2
roider_duster_wing,roider_duster_Fighter,"interceptor6, interceptor, roider",2,,7,10,V,4000,500,700,3,INTERCEPTOR,Heavy Interceptor,10,6000,,,,,,,,,,,,,3
roider_bolt_wing,roider_bolt_Fighter,"interceptor4, interceptor, roider",1,,6,8,V,3000,1000,600,3,INTERCEPTOR,Interceptor,6,4000,,,,,,,,,,,,,1
,,,,,,,,,,,,,,,,,,,,,,,,,,,,
roider_breaker_wing,roider_drone_breaker,"fighter2, fighter, roider, roider_bp",0,,3,2,V,4000,500,600,3,FIGHTER,Drone,10,6000,,,,,,,,,,,,,
,,,,,,,,,,,,,,,,,,,,,,,,,,,,4
roider_hopskip2_wing,roider_hopskip2_Bomber,"bomber3, bomber, roider",1,,5,20,V,6000,2500,1000,3,BOMBER,Bomber,15,12000,,,,,,,,,,,,,5
,,,,,,,,,,,,,,,,,,,,,,,,,,,,6
