{

#collapseopen MUSIC
	
	"music":{
		"roider_encounter":[
			{"file":"roider_encounter.ogg","source":"sounds/music/factions","volume":0.19}, 
		],
		"roider_encounter_hostile":[
			{"file":"roider_encounter_hostile.ogg","source":"sounds/music/factions","volume":0.2}, 
		],
		"roider_market":[
			{"file":"roider_market.ogg","source":"sounds/music/factions","volume":0.2}, 
		],
	},
	"roider_blastinglaser":[
		{"file":"sounds/weapons/roider_blasting_laser.ogg","pitch":1.03,"volume":0.49},
		{"file":"sounds/weapons/roider_blasting_laser.ogg","pitch":1.0,"volume":0.50},
		{"file":"sounds/weapons/roider_blasting_laser.ogg","pitch":0.97,"volume":0.51},
	],
	"roider_marksman":[
		{"file":"sounds/weapons/roider_marksman.ogg","pitch":1.03,"volume":0.69},
		{"file":"sounds/weapons/roider_marksman.ogg","pitch":1.0,"volume":0.70},
		{"file":"sounds/weapons/roider_marksman.ogg","pitch":0.97,"volume":0.71},
	],
	"roider_hazard":[
		{"file":"sounds/weapons/roider_hazard_mrm.ogg","pitch":1.03,"volume":0.49},
		{"file":"sounds/weapons/roider_hazard_mrm.ogg","pitch":1.0,"volume":0.50},
		{"file":"sounds/weapons/roider_hazard_mrm.ogg","pitch":0.97,"volume":0.51},
	],
	"roider_zap":[
		{"file":"sounds/weapons/roider_zap_srm.ogg","pitch":1.03,"volume":0.39},
		{"file":"sounds/weapons/roider_zap_srm.ogg","pitch":1.0,"volume":0.40},
		{"file":"sounds/weapons/roider_zap_srm.ogg","pitch":0.97,"volume":0.41},
	],
	"roider_spikeDriver_fire":[
		{"file":"sounds/weapons/roider_spike_driver.ogg","pitch":1.03,"volume":0.99},
		{"file":"sounds/weapons/roider_spike_driver.ogg","pitch":1.0,"volume":1.00},
		{"file":"sounds/weapons/roider_spike_driver.ogg","pitch":0.97,"volume":1.01},
	],
	"roider_pileDriver_fire":[
		{"file":"sounds/weapons/roider_pile_driver.ogg","pitch":1.03,"volume":0.99},
		{"file":"sounds/weapons/roider_pile_driver.ogg","pitch":1.0,"volume":1.00},
		{"file":"sounds/weapons/roider_pile_driver.ogg","pitch":0.97,"volume":1.01},
	],
}




