{
	"playableFaction":true,
	"corvusCompatible":true,
	
	"marketSpawnWeight":0.5,
	
	"startRelationships":{
		"independent":0.6,
		"pirates":-1,
		"tritachyon":-0.6,
		"hegemony":0.15,
		
		"luddic_path":-0.6,
		"remnant":-0.6,
		
		"tiandong":0.15,
	},

	# Used to determine alliance alignment; also affects disposition towards other factions
	"alignments":{
		"corporate":0.25,
		"technocratic":-1,
		"militarist":0.25,
		"diplomatic":0.5,
		#"ideological":0.5,
	},
	"diplomacyTraits":["lowprofile", "neutralist"],

	# Number of entries must equal number of vengeance tiers (0-3)
	"vengeanceLevelNames":["Outlaw", "Manhunt"],
	"vengeanceFleetNames":["Bounty Hunter", "Posse"],
	"vengeanceFleetNamesSingle":["a Bounty Hunter fleet", "a Posse"],

	# Randomly picked to add to a mining fleet
	"miningVariantsOrWings":[
		"shepherd_Frontier",
		"roider_nolasher_Balanced",
		"roider_tarsus_Roider",
		"roider_bombard_Mining",
		"roider_onager_Mining",
		"roider_cowboy_Strike",
		"roider_cowboy_Support",
		"roider_cowboy_Interceptor",
		"roider_ranch_Interceptor",
		"roider_ranch_Attack",
		"roider_ranch_Assault",
	],

	# Campaign layer stations, array of custom entity def IDs
	#"customStations":["tiandong_outpost"],

	"startShipsSolo":[
		["hound_Starfarer"],
		#["roider_nolasher_Balanced"],
	],
	"startShipsCombatSmall":["roider_onager_Balanced", "roider_cyclops_Balanced", "hound_Standard"],
    "startShipsCarrierSmall":["roider_cowboy_Strike", "roider_nolasher_Assault", "roider_pepperbox_Escort"],
    "startShipsTradeSmall":["roider_tarsus_Roider", "roider_cyclops_Balanced", "hound_Starfarer"],
    "startShipsCombatLarge":["roider_gambit_Assault", "roider_bombard_CS", "brawler_Elite"],
    "startShipsExplorerLarge":["venture_Balanced", "roider_tarsus_Roider", "shepherd_Frontier"],
    "startShipsCarrierLarge":["roider_ranch_Attack", "roider_colossus2_Roider", "roider_pepperbox_Escort"],
    "startShipsSuper":["roider_roach_Assault"],

	# Defense stations used in random sector
	"defenceStations":[
		{"ids":["orbitalstation", "battlestation", "starfortress"]},
		{"ids":["orbitalstation_mid", "battlestation_mid", "starfortress_mid"]},
	],
}