{
	"RoiderUnion":{
		"roider_minIndieRoiderBases":2,
		"roider_maxIndieRoiderBases":3,
		"roider_maxRoiderFringeHQs":1,
		
		"roider_maxExpeditions":5,
		"roider_expeditionDelay":90, # days after tutorial finishes, 90 default
		"roider_expeditionLootFactions":[ # factions for shipwreck selection
			"independent",
			"pirates",
			"hegemony",
			"persean",
			"tritachyon",
			"hegemony",
			"luddic_church",
			"luddic_path",
			"roider"
		],
		
		"roider_conversionPriceMult":0.98,
		
		# Conversion fleet settings
		# Disabled atm
		"roider_aprMaxFleets":6,
		"roider_aprFactions":{ # Factions that can spawn conversion fleets
			"independent": 2, # weight is multiplied by number of Dives/HQs
			"hegemony": 1,
			"persean": 1,
			"roider": 1, # no boost for Roiders since they already have Union HQs
			"pirates": 2,
		},
		"roider_aprFactionsNoRep":[ # Factions that don't have rep requirements
			"pirates",
		],
		"roider_aprFactionsNoCom":[ # Factions that don't require commissions
			"independent",
			"pirates",
		],
		
		# Required rep level to buy ship at Union HQ
		# Overrides retrofit spec requirements, if they exist
		#  4: COOPERATIVE - default for capital ships
		#  3: FRIENDLY - default for cruisers
		#  2: WELCOMING - default for destroyers
		#  1: FAVORABLE - default for frigates
		"roider_unionHQShipRepReq":{
			"atlas": 3,
			"prometheus": 3,
			"colossus": 2,
			"starliner": 2,
			"venture": 2,
			"mule": 1,
			"buffalo": 1,
			"buffalo2": 1,
			"phaeton": 1,
			"tarsus": 1,
			"crig": 1,
			"nebula": 1,
			"gemini": 1,
		},
		# Listed ships do not require commission to buy at Union HQ
		# Overrides retrofit spec requirements, if they exist
		"roider_unionHQShipComNotReq":[
			"mule",
			"buffalo",
			"buffalo2",
			"colossus",
			"atlas",
			"prometheus",
			"phaeton",
			"starliner",
			"venture",
			"tarsus",
			"crig",
			"nebula",
			"gemini",
		],
	},
	"nexerelin":{
		"mining_ship_strengths":{
			"roider_drone_breaker": 0,
		},
		"mining_weapon_strengths":{
			"roider_blastinglaser": 6,
			"roider_hammer_armature": 0.75,
		},
	}
}