{
    "id": "roider",
    "name": "Roider Union",
    "author": "SafariJohn",
    "version": "1.4.6",
    "description": "Adds the Roider Union, an alliance of independent asteroid miners and minor corporations.",
    "gameVersion": "0.96a-RC8",
    "jars":["jars/Roider_Union.jar"],
    "dependencies": [
        {
            "id": "lw_lazylib",
            "name": "LazyLib"
        },
        {
            "id": "MagicLib",
            "name": "MagicLib"
        }
    ],
    "modPlugin":"scripts.Roider_ModPlugin"
}
