{
  "RetroLib": {
    "notAllowedTitle":"Blocked Retrofits",
    "return":"Return",
    "confirmationTitle":"Confirm Retrofits",
    "confirmationFree":"It is free to convert this ship. The new hull will be pristine.",
    "confirmationPay":"You must pay $cost to convert this ship. The new hull will be pristine.",
    "confirmationGet":"You will receive $cost to convert this ship. The new hull will be pristine.",
    "confirmationFreeMany":"It is free to convert these ships. The new hulls will be pristine.",
    "confirmationPayMany":"You must pay $cost to convert these ships. The new hulls will be pristine.",
    "confirmationGetMany":"You will receive $cost to convert these ships. The new hulls will be pristine.",
    "queueDisplayTextOneOne":"$source\nto $target\n- Complete in $firstDays day\n\nAll queued retrofits will be complete in $allDays day",
    "queueDisplayTextOneMany":"$source\nto $target\n- Complete in $firstDays day\n\nAll queued retrofits will be complete in $allDays days",
    "queueDisplayTextManyOne":"$source\nto $target\n- Complete in $firstDays days\n\nAll queued retrofits will be complete in $allDays day",
    "queueDisplayTextManyMany":"$source\nto $target\n- Complete in $firstDays days\n\nAll queued retrofits will be complete in $allDays days",
    "queueDisplayTextTitle":"Queued Retrofits",
    "targetsTextInstructions":"Please select a hull to retrofit to.",
    "targetsTextAvailableTitle":"Available Retrofits",
    "targetsTextUnavailableTitle":"Unavailable Retrofits",
    "targetsTextIllegalTitle":"Illegal Retrofits",
    "sourcesTextTarget":"Retrofitting to: $target",
    "sourcesTextNone":"No sources currently available for this frame hull.",
    "sourcesTextIllegalPayTime":"- Costs $cost and takes $time days\n",
    "sourcesTextIllegalGetTime":"- Pays $cost and takes $time days\n",
    "sourcesTextIllegalPayTimeOne":"- Costs $cost and takes $time day\n",
    "sourcesTextIllegalGetTimeOne":"- Pays $cost and takes $time day\n",
    "sourcesTextIllegalPay":"- Costs $cost\n",
    "sourcesTextIllegalGet":"- Pays $cost\n",
    "sourcesTextIllegalTime":"- Takes $time days\n",
    "sourcesTextIllegalTimeOne":"- Takes $time day\n",
    "sourcesTextIllegalFree":"- Free\n",
    "sourcesTextIllegalRepCom":"- Req: $factionName - $repLevel\n- Req: $factionName - commission",
    "sourcesTextIllegalRep":"- Req: $factionName - $repLevel",
    "sourcesTextIllegalCom":"- Req: $factionName - commission",
    "sourcesTextLegalPayTime":"- Costs %s and takes %s days\n",
    "sourcesTextLegalGetTime":"- Pays %s and takes %s days\n",
    "sourcesTextLegalPayTimeOne":"- Costs %s and takes %s day\n",
    "sourcesTextLegalGetTimeOne":"- Pays %s and takes %s day\n",
    "sourcesTextLegalPay":"- Costs %s\n",
    "sourcesTextLegalGet":"- Pays %s\n",
    "sourcesTextLegalTime":"- Takes %s days\n",
    "sourcesTextLegalTimeOne":"- Takes %s day\n",
    "sourcesTextLegalFree":"- %s\n",
    "sourcesTextLegalFreeHL":"Free",
    "pickTargetOption":"Pick retrofit hull",
    "pickTargetOptionNone":"No possible retrofits!",
    "pickSourceOption":"Retrofit ships",
    "pickSourceOptionQueue":"Queue retrofits",
    "pickSourceOptionTooltip":"Please select a hull to retrofit to.",
    "pickSourceOptionNone":"You have no ships that can retrofit to $target.",
    "pickSourceOptionRepCom":"Req: $factionName - $repLevel\nReq: $factionName - commission",
    "pickSourceOptionRep":"Req: $factionName - $repLevel",
    "pickSourceOptionCom":"Req: $factionName - commission",
    "prioritizeQueuedOption":"Prioritize retrofits",
    "cancelQueuedOption":"Cancel retrofits",
    "confirmRetrofitsOption":"Confirm",
    "confirmRetrofitsOptionCredits":"You do not have enough credits!",
    "confirmRetrofitsOptionPay":"Pay $cost credits",
    "confirmRetrofitsOptionGet":"Receive $cost credits",
    "confirmRetrofitsOptionFree":"Confirm",
    "confirmRetrofitsOptionYes":"Ok",
    "confirmRetrofitsOptionNo":"Cancel",
    "cancelRetrofitsOption":"Cancel",
    "showSourcesDialogTitle":"Pick ships to retrofit",
    "showSourcesDialogYes":"Ok",
    "showSourcesDialogNo":"Cancel",
    "showTargetDialogTitle":"Pick retrofit hull",
    "showTargetDialogYes":"Ok",
    "showTargetDialogNo":"Cancel",
    "showPrioritizeDialogTitle":"Pick retrofits to prioritize",
    "showPrioritizeDialogYes":"Ok",
    "showPrioritizeDialogNo":"Cancel",
    "showCancelDialogTitle":"Pick retrofits to cancel",
    "showCancelDialogYes":"Ok",
    "showCancelDialogNo":"Cancel",
    "messagePaid":"Paid $cost for retrofits",
    "messageReceived":"Received $cost for retrofits",
    "messageStripped":"Stripped weapons and fighters to cargo",
    "sourcesTextFrameReturn":"- Returns %s\n",
    "sourcesTextFrameReturnHL":"$sizeName frame hull",
    "sourcesTextFrameReturnIllegal":"- Returns $sizeName frame hull\n",
    "messageBonusXP":"from converting $shipName, $shipClass"
  }
}