name,id,flux/second,f/s (base rate),f/s (base cap),flux/use,f/u (base rate),f/u (base cap),cr/u,max uses,regen,charge up,active,down,cooldown,toggle,noDissipation,noHardDissipation,hardFlux,noFiring,noTurning,noStrafing,noAccel,noShield,noVent,isPhaseCloak,tags,icon
Dread Loaders,roider_dreadLoaders,1,,,,,,,,,1,5,1,10,,,,,,,,,,,,,graphics/icons/hullsys/roider_dreadLoaders.png
Phasenet,roider_phasenet,1,,,,,,,,,0.2,6,1,5,TRUE,,,,,,,,,,,,graphics/icons/hullsys/roider_phasenet.png
Damper Field (Slaved),roider_slaveDamper,1,,,,,,,,,0.25,3,0.25,0,,,,,TRUE,,,,TRUE,TRUE,,,graphics/icons/hullsys/damper_field.png
Entropy Amplifier (LR),roider_entropyamp_lr,,,,,,0.2,,,,0.5,10,1,10,,,,,,,,,,,,,graphics/icons/hullsys/entropy_amplifier.png
Interdiction Sequence,roider_interdictor,,,,,,0.25,,,,0.5,0.1,0.5,20,,,,,,,,,,,,,graphics/icons/hullsys/interdictor_array.png
